"Disclaimer: All data is without guarantee, errors and changes are reserved."
"Jozef Hrčka, 2001-08-31"
jozef.dodo.hrcka@gmail.com
"Account opened at: 2022-03-23T18:20:31+01:00"
"Venue: Bitpanda"
"Transaction ID",Timestamp,"Transaction Type",In/Out,"Amount Fiat",Fiat,"Amount Asset",Asset,"Asset market price","Asset market price currency","Asset class","Product ID",Fee,"Fee asset","Fee percent",Spread,"Spread Currency","Tax Fiat"
F360907ec-93c7-43a7-862b-45aab4424cd4,2022-03-24T12:48:52+01:00,deposit,incoming,80.00,EUR,-,EUR,-,-,Fiat,-,0.00000000,EUR,-,-,-,0.00
T24fe804c-f285-44e3-a323-c24d056c3c53,2022-03-24T12:49:46+01:00,buy,outgoing,25.00,EUR,1.95444140,APE,12.79,EUR,Cryptocurrency,1102,-,-,-,-,-,0.00
F9ddec78c-5841-4ecb-bb16-1e05db1084c6,2022-03-24T12:49:46+01:00,deposit,incoming,10.00,EUR,-,EUR,-,-,Fiat,-,0.00000000,EUR,-,-,-,0.00
T49c50329-d8de-4379-a12c-0da56dd633df,2022-03-24T12:50:19+01:00,buy,outgoing,55.00,EUR,0.00138331,BTC,39759.71,EUR,Cryptocurrency,1,-,-,-,-,-,0.00
Tfb9d8706-3817-45bd-92f2-64418ffc17bc,2022-03-24T12:51:25+01:00,buy,outgoing,10.00,EUR,0.00350167,ETH,2855.78,EUR,Cryptocurrency,5,-,-,-,-,-,0.00
Tbf6eee64-d67f-4dac-86f4-bf54c605eb11,2022-04-20T11:51:42+02:00,sell,incoming,28.75,EUR,1.95444140,APE,14.71,EUR,Cryptocurrency,1102,-,-,-,-,-,0.00
T6e4719e4-3a7a-40fc-9475-8127cc69de58,2022-04-22T09:02:54+02:00,buy,outgoing,28.75,EUR,2.12592804,APE,13.52,EUR,Cryptocurrency,1102,-,-,-,-,-,0.00
T2d9fc94c-b63a-44a8-a4fd-1feafa5994b5,2022-04-23T07:45:17+02:00,sell,incoming,33.00,EUR,2.12592804,APE,15.52,EUR,Cryptocurrency,1102,-,-,-,-,-,0.00
T7c97f3bc-05df-4e61-8ae9-a45089f100d0,2022-04-28T12:23:10+02:00,buy,outgoing,33.00,EUR,1.66104896,APE,19.87,EUR,Cryptocurrency,1102,-,-,-,-,-,0.00
C75895113-04fc-4bfb-8cbf-3f8a57ba1332,2022-04-28T16:16:52+02:00,deposit,incoming,53.83,EUR,0.00145192,BTC,37077.45,EUR,Cryptocurrency,1,0.00010000,BTC,-,-,-,-
Ca20a0dbd-7d0e-4071-ad4b-ebac1dd03c61,2022-04-28T16:27:28+02:00,deposit,incoming,24.93,EUR,0.00911554,ETH,2735.32,EUR,Cryptocurrency,5,0.00200000,ETH,-,-,-,-
Tfc6e1774-0960-4a66-8df3-d8c3fd6581e4,2022-04-28T22:48:07+02:00,sell,incoming,50.00,EUR,0.00133658,BTC,37408.91,EUR,Cryptocurrency,1,-,-,-,-,-,0.00
T4d8a7ef0-6788-46af-8f56-23b3df4ee2b7,2022-04-28T22:48:31+02:00,buy,outgoing,50.00,EUR,2.10124556,APE,23.80,EUR,Cryptocurrency,1102,-,-,-,-,-,0.00
T806ae7f0-1d81-4a2a-a681-a21125dadcd9,2022-04-29T00:16:02+02:00,sell,incoming,87.01,EUR,3.76229452,APE,23.13,EUR,Cryptocurrency,1102,-,-,-,-,-,0.00
T54a211fd-aaa8-47a8-908d-bd64a16a4486,2022-04-29T00:17:49+02:00,buy,outgoing,87.01,EUR,3.55247866,APE,24.49,EUR,Cryptocurrency,1102,-,-,-,-,-,0.00
T8fbcf3f2-f294-4615-a636-b39b4fa806fe,2022-04-29T00:19:53+02:00,sell,incoming,55.76,EUR,0.00149865,BTC,37206.82,EUR,Cryptocurrency,1,-,-,-,-,-,0.00
T51f7eaad-3768-4e6e-a67f-17384cb8bd35,2022-04-29T00:20:14+02:00,buy,outgoing,55.76,EUR,2.25766315,APE,24.70,EUR,Cryptocurrency,1102,-,-,-,-,-,0.00
F8cc3bdb3-33bd-48d4-9779-f76bb09544e5,2022-05-02T13:10:30+02:00,deposit,incoming,30.00,EUR,-,EUR,-,-,Fiat,-,0.00000000,EUR,-,-,-,0.00
Te72333d2-9b31-4cc3-b922-c69e2b123ff1,2022-05-02T13:11:20+02:00,buy,outgoing,30.00,EUR,2.00705658,APE,14.95,EUR,Cryptocurrency,1102,-,-,-,-,-,0.00
T2b763fdd-063d-4f53-9a99-91ccbe613913,2022-05-08T19:51:05+02:00,sell,incoming,51.00,EUR,4.91031366,APE,10.39,EUR,Cryptocurrency,1102,-,-,-,-,-,0.00
T79f796e7-745b-4cc4-926f-c4417933c774,2022-05-09T23:12:51+02:00,buy,outgoing,51.00,EUR,5.51161225,APE,9.25,EUR,Cryptocurrency,1102,-,-,-,-,-,0.00
Tddccff38-1d11-481b-855c-494e05430153,2022-05-17T18:04:39+02:00,sell,incoming,1.50,EUR,0.00078265,ETH,1916.57,EUR,Cryptocurrency,5,-,-,-,-,-,0.00
Tde69f2e6-4adf-481f-8b65-797b2177f5ee,2022-05-17T18:04:59+02:00,buy,outgoing,1.50,EUR,7669.51888924,LUNC,0.00,EUR,Cryptocurrency,133,-,-,-,-,-,0.00
1edfb0cc-2272-67fc-b6e2-fa2a24845dbd,2023-05-25T16:59:33+02:00,transfer,outgoing,25.66,EUR,8.41849698,APE,3.05,EUR,Cryptocurrency,1102,-,-,-,-,-,-
1edfb0cc-2146-6810-4417-ad1723cbd3cb,2023-05-25T16:59:33+02:00,transfer(stake),incoming,25.66,EUR,8.41849698,APE,3.05,EUR,Cryptocurrency,1102,-,-,-,-,-
T1edfb0cf-4837-6a70-f15f-a21985fc2452,2023-05-25T17:01:08+02:00,sell,incoming,19.48,EUR,0.01183456,ETH,1646.03,EUR,Cryptocurrency,5,-,-,-,-,-,0.00
T1edfb0d1-9f11-6510-5a1a-e68a0afca65e,2023-05-25T17:02:21+02:00,buy,outgoing,8.00,EUR,34.94043006,AUDIO,0.23,EUR,Cryptocurrency,2198,-,-,-,-,-,0.00
T1edfb0d3-0f9b-6050-e61f-4d10ba42e6d0,2023-05-25T17:02:43+02:00,buy,outgoing,8.00,EUR,13.88882161,OSMO,0.58,EUR,Cryptocurrency,2879,-,-,-,-,-,0.00
T1edfb0d3-e463-6ad0-95e0-a4186b7b54b7,2023-05-25T17:03:06+02:00,buy,outgoing,3.48,EUR,8.18280441,SCRT,0.43,EUR,Cryptocurrency,2639,-,-,-,-,-,0.00
1edfb0d4-afa7-68c2-980d-fa2a24845dbd,2023-05-25T17:03:23+02:00,transfer,outgoing,7.79,EUR,34.94043006,AUDIO,0.22,EUR,Cryptocurrency,2198,-,-,-,-,-,-
1edfb0d4-aec4-6c20-b061-e75af007bfd4,2023-05-25T17:03:23+02:00,transfer(stake),incoming,7.79,EUR,34.94043006,AUDIO,0.22,EUR,Cryptocurrency,2198,-,-,-,-,-
1edfb0d5-1389-6a0c-b46d-fa2a24845dbd,2023-05-25T17:03:34+02:00,transfer,outgoing,3.39,EUR,8.18280441,SCRT,0.41,EUR,Cryptocurrency,2639,-,-,-,-,-,-
1edfb0d5-127c-61a0-c758-69c84270e3d1,2023-05-25T17:03:34+02:00,transfer(stake),incoming,3.39,EUR,8.18280441,SCRT,0.41,EUR,Cryptocurrency,2639,-,-,-,-,-
1edfb0d5-6447-6bd8-8c39-fa2a24845dbd,2023-05-25T17:03:42+02:00,transfer,outgoing,7.79,EUR,13.88882161,OSMO,0.56,EUR,Cryptocurrency,2879,-,-,-,-,-,-
1edfb0d5-634a-6230-1711-fa45145724ed,2023-05-25T17:03:42+02:00,transfer(stake),incoming,7.79,EUR,13.88882161,OSMO,0.56,EUR,Cryptocurrency,2879,-,-,-,-,-
1edff0ce-74db-66c8-a2f9-b645894396f5,2023-05-30T19:10:40+02:00,reward,incoming,0.10,EUR,0.03324286,APE,3.01,EUR,Cryptocurrency,1102,-,-,-,-,-
1edff0d1-77f0-6ff4-b683-e23bd2383cc2,2023-05-30T19:12:01+02:00,reward,incoming,0.01,EUR,0.06305568,AUDIO,0.16,EUR,Cryptocurrency,2198,-,-,-,-,-
1edff0d2-82f9-627e-8a77-ba473b3f0783,2023-05-30T19:12:29+02:00,reward,incoming,0.01,EUR,0.02366818,OSMO,0.42,EUR,Cryptocurrency,2879,-,-,-,-,-
1edff0d4-3dcb-6cf4-b9fa-3a43e0797c89,2023-05-30T19:13:15+02:00,reward,incoming,0.01,EUR,0.01434843,SCRT,0.70,EUR,Cryptocurrency,2639,-,-,-,-,-
1ee048c7-c63d-6380-8a70-527266ccc110,2023-06-06T19:06:32+02:00,reward,incoming,0.02,EUR,0.04147982,OSMO,0.48,EUR,Cryptocurrency,2879,-,-,-,-,-
1ee048d6-3be1-67ae-84d0-82770c43255d,2023-06-06T19:13:00+02:00,reward,incoming,0.17,EUR,0.05837191,APE,2.91,EUR,Cryptocurrency,1102,-,-,-,-,-
1ee048d8-c34b-6b7a-b05b-420c31e98feb,2023-06-06T19:14:08+02:00,reward,incoming,0.02,EUR,0.11051813,AUDIO,0.18,EUR,Cryptocurrency,2198,-,-,-,-,-
1ee048da-7780-6d74-bd34-daa8c088f5b2,2023-06-06T19:14:54+02:00,reward,incoming,0.01,EUR,0.02514749,SCRT,0.40,EUR,Cryptocurrency,2639,-,-,-,-,-
1ee0a0c9-64b5-6752-beb3-ceef66bf84e9,2023-06-13T19:06:07+02:00,reward,incoming,0.02,EUR,0.04159593,OSMO,0.48,EUR,Cryptocurrency,2879,-,-,-,-,-
1ee0a0d7-8d19-6622-8f51-326e6036d96b,2023-06-13T19:12:27+02:00,reward,incoming,0.12,EUR,0.05875048,APE,2.04,EUR,Cryptocurrency,1102,-,-,-,-,-
1ee0a0d9-83ca-6074-98a5-02f6c1fcf09a,2023-06-13T19:13:20+02:00,reward,incoming,0.02,EUR,0.11084575,AUDIO,0.18,EUR,Cryptocurrency,2198,-,-,-,-,-
1ee0a0db-435c-61c0-bd28-a6b3301abc93,2023-06-13T19:14:06+02:00,reward,incoming,0.01,EUR,0.02521992,SCRT,0.40,EUR,Cryptocurrency,2639,-,-,-,-,-
1ee0f8cb-3aa8-65ea-9e55-d679a3f287b1,2023-06-20T19:05:47+02:00,reward,incoming,0.01,EUR,0.02529728,SCRT,0.40,EUR,Cryptocurrency,2639,-,-,-,-,-
1ee0f8cb-eb18-6f9c-885a-d679a3f287b1,2023-06-20T19:06:06+02:00,reward,incoming,0.02,EUR,0.04171993,OSMO,0.48,EUR,Cryptocurrency,2879,-,-,-,-,-
1ee0f8d0-92cb-6312-b2eb-de93d296a05d,2023-06-20T19:08:11+02:00,reward,incoming,0.02,EUR,0.11119567,AUDIO,0.18,EUR,Cryptocurrency,2198,-,-,-,-,-
1ee0f8dc-b8a1-6198-a57c-e647616b056d,2023-06-20T19:13:37+02:00,reward,incoming,0.07,EUR,0.03670961,APE,1.91,EUR,Cryptocurrency,1102,-,-,-,-,-
1ee150de-996f-6c66-bd18-1a9c39dba36f,2023-06-27T19:13:19+02:00,reward,incoming,0.08,EUR,0.03688053,APE,2.17,EUR,Cryptocurrency,1102,-,-,-,-,-
1ee150e0-75d3-6828-bd0d-aa4a7453d942,2023-06-27T19:14:09+02:00,reward,incoming,0.02,EUR,0.10838343,AUDIO,0.18,EUR,Cryptocurrency,2198,-,-,-,-,-
1ee150e5-71a1-6aa2-abd7-eeb2c0ba9627,2023-06-27T19:16:23+02:00,reward,incoming,0.01,EUR,0.02537488,SCRT,0.39,EUR,Cryptocurrency,2639,-,-,-,-,-
1ee150e6-215d-6e3c-ae8e-cabddbf50c6d,2023-06-27T19:16:41+02:00,reward,incoming,0.02,EUR,0.03861542,OSMO,0.52,EUR,Cryptocurrency,2879,-,-,-,-,-
1ee1a8de-a13b-68f2-9272-9235ded1a791,2023-07-04T19:12:11+02:00,reward,incoming,0.02,EUR,0.11189025,AUDIO,0.18,EUR,Cryptocurrency,2198,-,-,-,-,-
1ee1a8ea-97af-6930-9969-9298cfb54e48,2023-07-04T19:17:32+02:00,reward,incoming,0.07,EUR,0.03703858,APE,1.89,EUR,Cryptocurrency,1102,-,-,-,-,-
1ee1a8ee-8495-6a26-abb1-8a876807c54f,2023-07-04T19:19:17+02:00,reward,incoming,0.01,EUR,0.02545271,SCRT,0.39,EUR,Cryptocurrency,2639,-,-,-,-,-
1ee1a8ef-4710-6650-9bf2-be7b93e31aa8,2023-07-04T19:19:38+02:00,reward,incoming,0.02,EUR,0.03872291,OSMO,0.52,EUR,Cryptocurrency,2879,-,-,-,-,-
1ee200dd-7ac9-6db6-8d83-3624dd7a23d8,2023-07-11T19:10:32+02:00,reward,incoming,0.01,EUR,0.02553078,SCRT,0.39,EUR,Cryptocurrency,2639,-,-,-,-,-
1ee200e9-2bca-6538-91fd-9a82bf1d5dd9,2023-07-11T19:15:45+02:00,reward,incoming,0.06,EUR,0.03719732,APE,1.61,EUR,Cryptocurrency,1102,-,-,-,-,-
1ee200eb-4b97-6e22-9e32-ee5aa78df435,2023-07-11T19:16:42+02:00,reward,incoming,0.02,EUR,0.11224203,AUDIO,0.18,EUR,Cryptocurrency,2198,-,-,-,-,-
1ee200ec-b392-6260-8e1d-4e481060f7ee,2023-07-11T19:17:20+02:00,reward,incoming,0.02,EUR,0.03882944,OSMO,0.52,EUR,Cryptocurrency,2879,-,-,-,-,-
F1ee24866-4acb-6b20-8b50-beae2bd2ba41,2023-07-17T11:43:32+02:00,deposit,incoming,400.00,EUR,-,EUR,-,-,Fiat,-,0.00000000,EUR,-,-,-,0.00
T1ee2489c-0298-64d0-9c9b-7af73d207190,2023-07-17T12:07:40+02:00,buy,outgoing,300.00,EUR,0.01096985,BTC,27347.68,EUR,Cryptocurrency,1,-,-,-,-,-,0.00
T1ee2489d-f6a4-6ff0-8a99-bc346e0bb157,2023-07-17T12:08:33+02:00,buy,outgoing,50.00,EUR,27.45905744,APE,1.82,EUR,Cryptocurrency,1102,-,-,-,-,-,0.00
T1ee248a3-05af-6c20-ed8f-744fc2d261b1,2023-07-17T12:10:58+02:00,buy,outgoing,25.00,EUR,52.29523033,OSMO,0.48,EUR,Cryptocurrency,2879,-,-,-,-,-,0.00
T1ee248a4-e297-6290-0725-86726dbfcfe0,2023-07-17T12:11:36+02:00,buy,outgoing,25.00,EUR,141.90529081,AUDIO,0.18,EUR,Cryptocurrency,2198,-,-,-,-,-,0.00
1ee248a6-2472-6a56-bedc-6664c0900954,2023-07-17T12:12:07+02:00,transfer,outgoing,48.85,EUR,27.45905744,APE,1.78,EUR,Cryptocurrency,1102,-,-,-,-,-,-
1ee248a6-239d-6c70-aebd-fe6bc7aa829c,2023-07-17T12:12:07+02:00,transfer(stake),incoming,48.85,EUR,27.45905744,APE,1.78,EUR,Cryptocurrency,1102,-,-,-,-,-
1ee248a6-80cd-6346-ba82-6664c0900954,2023-07-17T12:12:17+02:00,transfer,outgoing,24.33,EUR,141.90529081,AUDIO,0.17,EUR,Cryptocurrency,2198,-,-,-,-,-,-
1ee248a6-7fb3-6ff0-ea70-3680d2ba9797,2023-07-17T12:12:17+02:00,transfer(stake),incoming,24.33,EUR,141.90529081,AUDIO,0.17,EUR,Cryptocurrency,2198,-,-,-,-,-
1ee248a6-fca7-64e4-abdf-6664c0900954,2023-07-17T12:12:30+02:00,transfer,outgoing,24.31,EUR,52.29523033,OSMO,0.46,EUR,Cryptocurrency,2879,-,-,-,-,-,-
1ee248a6-fbf5-6140-76da-6653756115cf,2023-07-17T12:12:30+02:00,transfer(stake),incoming,24.31,EUR,52.29523033,OSMO,0.46,EUR,Cryptocurrency,2879,-,-,-,-,-
1ee258dc-b2c0-633a-8adb-2aaab65d6890,2023-07-18T19:09:02+02:00,reward,incoming,0.02,EUR,0.11259635,AUDIO,0.18,EUR,Cryptocurrency,2198,-,-,-,-,-
1ee258e2-d072-609e-b965-1aa080dd4938,2023-07-18T19:11:46+02:00,reward,incoming,0.02,EUR,0.03893626,OSMO,0.51,EUR,Cryptocurrency,2879,-,-,-,-,-
1ee258ed-5bdf-6fb4-b147-bed7a50a6199,2023-07-18T19:16:29+02:00,reward,incoming,0.07,EUR,0.03735673,APE,1.87,EUR,Cryptocurrency,1102,-,-,-,-,-
1ee258f1-8fef-61f2-8bd6-b6b14cfb0014,2023-07-18T19:18:22+02:00,reward,incoming,0.01,EUR,0.02560909,SCRT,0.39,EUR,Cryptocurrency,2639,-,-,-,-,-
1ee2b0e0-dae5-6426-950f-ba5b36c6b997,2023-07-25T19:09:45+02:00,reward,incoming,0.09,EUR,0.56111129,AUDIO,0.16,EUR,Cryptocurrency,2198,-,-,-,-,-
1ee2b0f1-ca17-6606-9d09-0e36b32fa1a0,2023-07-25T19:17:19+02:00,reward,incoming,0.28,EUR,0.15526870,APE,1.80,EUR,Cryptocurrency,1102,-,-,-,-,-
1ee2b0f7-1041-6488-a103-d699097bd09a,2023-07-25T19:19:41+02:00,reward,incoming,0.01,EUR,0.02568764,SCRT,0.39,EUR,Cryptocurrency,2639,-,-,-,-,-
1ee2b0f8-be8f-6f0c-8114-d699097bd09a,2023-07-25T19:20:26+02:00,reward,incoming,0.08,EUR,0.18296435,OSMO,0.44,EUR,Cryptocurrency,2879,-,-,-,-,-
1ee308ea-4a39-6442-93ba-ba68dcf1d7c2,2023-08-01T19:12:50+02:00,reward,incoming,0.07,EUR,0.17196575,OSMO,0.41,EUR,Cryptocurrency,2879,-,-,-,-,-
1ee308ed-485f-692a-8664-9ab1d61c0ef7,2023-08-01T19:14:10+02:00,reward,incoming,0.09,EUR,0.56268102,AUDIO,0.16,EUR,Cryptocurrency,2198,-,-,-,-,-
1ee308fa-aa80-6b9c-93f2-bef445067e16,2023-08-01T19:20:09+02:00,reward,incoming,0.26,EUR,0.15586230,APE,1.67,EUR,Cryptocurrency,1102,-,-,-,-,-
1ee308fd-c790-61da-9e6c-3ead960832dd,2023-08-01T19:21:33+02:00,reward,incoming,0.01,EUR,0.02576643,SCRT,0.39,EUR,Cryptocurrency,2639,-,-,-,-,-
1ee360df-5103-6ca8-abd4-7a147b4392e5,2023-08-08T19:06:46+02:00,reward,incoming,0.01,EUR,0.02584546,SCRT,0.39,EUR,Cryptocurrency,2639,-,-,-,-,-
1ee360eb-79cd-6204-92f1-8ee9909c6562,2023-08-08T19:12:13+02:00,reward,incoming,0.27,EUR,0.15653031,APE,1.72,EUR,Cryptocurrency,1102,-,-,-,-,-
1ee360ed-bd53-6440-83ca-1a3267929080,2023-08-08T19:13:14+02:00,reward,incoming,0.10,EUR,0.56445734,AUDIO,0.18,EUR,Cryptocurrency,2198,-,-,-,-,-
1ee360f0-3e09-6f56-accc-7a147b4392e5,2023-08-08T19:14:21+02:00,reward,incoming,0.07,EUR,0.17241353,OSMO,0.41,EUR,Cryptocurrency,2879,-,-,-,-,-
1ee3b8fc-bc79-6184-bf7c-d6588cab7b8c,2023-08-15T19:18:48+02:00,reward,incoming,0.29,EUR,0.15720115,APE,1.84,EUR,Cryptocurrency,1102,-,-,-,-,-
1ee3b902-df6c-61fe-9df3-1a72093afd62,2023-08-15T19:21:32+02:00,reward,incoming,0.01,EUR,0.02592473,SCRT,0.39,EUR,Cryptocurrency,2639,-,-,-,-,-
1ee3b904-be2d-69a0-8f86-6e1f43bbe160,2023-08-15T19:22:22+02:00,reward,incoming,0.07,EUR,0.17285825,OSMO,0.40,EUR,Cryptocurrency,2879,-,-,-,-,-
1ee3b908-3f26-6edc-854e-3a5d8e83968c,2023-08-15T19:23:57+02:00,reward,incoming,0.10,EUR,0.56623919,AUDIO,0.18,EUR,Cryptocurrency,2198,-,-,-,-,-
1ee410ec-83c7-6460-a66c-22a41119e06c,2023-08-22T19:10:23+02:00,reward,incoming,0.01,EUR,0.02600425,SCRT,0.38,EUR,Cryptocurrency,2639,-,-,-,-,-
1ee410fa-eb7e-62e4-b519-22a41119e06c,2023-08-22T19:16:50+02:00,reward,incoming,0.22,EUR,0.15787486,APE,1.39,EUR,Cryptocurrency,1102,-,-,-,-,-
1ee410fd-9a3b-6596-87a8-42f880c176b5,2023-08-22T19:18:02+02:00,reward,incoming,0.08,EUR,0.56802666,AUDIO,0.14,EUR,Cryptocurrency,2198,-,-,-,-,-
1ee410fe-bba4-61f0-9733-9e7a32952897,2023-08-22T19:18:33+02:00,reward,incoming,0.06,EUR,0.17330412,OSMO,0.35,EUR,Cryptocurrency,2879,-,-,-,-,-
1ee468f3-3d4f-676c-92c2-46685238b892,2023-08-29T19:12:15+02:00,reward,incoming,0.06,EUR,0.17375115,OSMO,0.35,EUR,Cryptocurrency,2879,-,-,-,-,-
1ee468f5-332a-6a5a-a9ae-8a4daf999fd6,2023-08-29T19:13:08+02:00,reward,incoming,0.01,EUR,0.02608401,SCRT,0.38,EUR,Cryptocurrency,2639,-,-,-,-,-
1ee46902-6b5c-6696-955a-22aa9f1c43b1,2023-08-29T19:19:03+02:00,reward,incoming,0.22,EUR,0.15855146,APE,1.39,EUR,Cryptocurrency,1102,-,-,-,-,-
1ee46908-1b6f-611e-aadb-8a82bccac9b1,2023-08-29T19:21:36+02:00,reward,incoming,0.07,EUR,0.45983153,AUDIO,0.15,EUR,Cryptocurrency,2198,-,-,-,-,-
1ee4c0ea-0c58-65b0-97f9-fe5eaa034ad1,2023-09-05T19:07:00+02:00,reward,incoming,0.07,EUR,0.46104283,AUDIO,0.15,EUR,Cryptocurrency,2198,-,-,-,-,-
1ee4c0f6-e9d0-6fd0-89a4-bac58f39b56c,2023-09-05T19:12:45+02:00,reward,incoming,0.20,EUR,0.15923095,APE,1.26,EUR,Cryptocurrency,1102,-,-,-,-,-
1ee4c0f9-711a-6598-a32b-96b6bf6f0c58,2023-09-05T19:13:53+02:00,reward,incoming,0.01,EUR,0.02616402,SCRT,0.38,EUR,Cryptocurrency,2639,-,-,-,-,-
1ee4c0fa-89d0-6e9c-9495-9a77ebc86710,2023-09-05T19:14:23+02:00,reward,incoming,0.06,EUR,0.17419932,OSMO,0.34,EUR,Cryptocurrency,2879,-,-,-,-,-
1ee518ea-e3d2-679a-816b-f231bb7e2544,2023-09-12T19:06:14+02:00,reward,incoming,0.05,EUR,0.17464865,OSMO,0.29,EUR,Cryptocurrency,2879,-,-,-,-,-
1ee518ef-5d4c-690a-8fc0-f2ca4bbb0359,2023-09-12T19:08:14+02:00,reward,incoming,0.01,EUR,0.02624427,SCRT,0.38,EUR,Cryptocurrency,2639,-,-,-,-,-
1ee518f9-9ab9-65ea-99a0-c2c0b44a6cec,2023-09-12T19:12:49+02:00,reward,incoming,0.13,EUR,0.11857447,APE,1.10,EUR,Cryptocurrency,1102,-,-,-,-,-
1ee518fb-a7b7-65ce-a8c4-c2c0b44a6cec,2023-09-12T19:13:44+02:00,reward,incoming,0.06,EUR,0.46221739,AUDIO,0.13,EUR,Cryptocurrency,2198,-,-,-,-,-
1ee570f0-144a-60c8-8e38-067c96c65222,2023-09-19T19:07:25+02:00,reward,incoming,0.01,EUR,0.02632477,SCRT,0.38,EUR,Cryptocurrency,2639,-,-,-,-,-
1ee570f4-0350-6304-a124-e2a71a127851,2023-09-19T19:09:10+02:00,reward,incoming,0.06,EUR,0.17509914,OSMO,0.34,EUR,Cryptocurrency,2879,-,-,-,-,-
1ee570f5-0b01-6516-b68c-a683dc98b554,2023-09-19T19:09:38+02:00,reward,incoming,0.07,EUR,0.46339495,AUDIO,0.15,EUR,Cryptocurrency,2198,-,-,-,-,-
1ee570fd-8cf3-6648-838c-0a660dc3c694,2023-09-19T19:13:26+02:00,reward,incoming,0.13,EUR,0.11896997,APE,1.09,EUR,Cryptocurrency,1102,-,-,-,-,-
1ee5c8f6-3a74-6cc2-bd9a-ae68e9f10459,2023-09-26T19:09:01+02:00,reward,incoming,0.04,EUR,0.13628126,OSMO,0.29,EUR,Cryptocurrency,2879,-,-,-,-,-
1ee5c8f9-6c18-6d70-a101-42f1e03be98d,2023-09-26T19:10:27+02:00,reward,incoming,0.01,EUR,0.02640551,SCRT,0.38,EUR,Cryptocurrency,2639,-,-,-,-,-
1ee5c905-6776-6324-abc1-d274ee8b5a3b,2023-09-26T19:15:49+02:00,reward,incoming,0.13,EUR,0.11934808,APE,1.09,EUR,Cryptocurrency,1102,-,-,-,-,-
1ee5c908-7a2e-61c6-80c4-ae68e9f10459,2023-09-26T19:17:11+02:00,reward,incoming,0.06,EUR,0.46457551,AUDIO,0.13,EUR,Cryptocurrency,2198,-,-,-,-,-
1ee620f9-95d9-660c-a79a-6a89cba5b9fa,2023-10-03T19:09:23+02:00,reward,incoming,0.04,EUR,0.13656536,OSMO,0.29,EUR,Cryptocurrency,2879,-,-,-,-,-
1ee62104-d4b9-674a-b662-4e564f82d4d6,2023-10-03T19:14:25+02:00,reward,incoming,0.13,EUR,0.11972740,APE,1.09,EUR,Cryptocurrency,1102,-,-,-,-,-
1ee62109-51b9-6660-ab96-2695691624df,2023-10-03T19:16:25+02:00,reward,incoming,0.01,EUR,0.02648651,SCRT,0.38,EUR,Cryptocurrency,2639,-,-,-,-,-
1ee6210a-822a-6cd0-8935-de681ec4eeb6,2023-10-03T19:16:57+02:00,reward,incoming,0.07,EUR,0.46575908,AUDIO,0.15,EUR,Cryptocurrency,2198,-,-,-,-,-
1ee678f8-c4e1-6b82-ad0e-324e1b3b9bf2,2023-10-10T19:07:52+02:00,reward,incoming,0.03,EUR,0.13683883,OSMO,0.22,EUR,Cryptocurrency,2879,-,-,-,-,-
1ee678fe-4892-6db4-8c66-06b1daacbfa7,2023-10-10T19:10:20+02:00,reward,incoming,0.01,EUR,0.02656775,SCRT,0.38,EUR,Cryptocurrency,2639,-,-,-,-,-
1ee67900-d067-6b8e-87a1-96955b1fb89c,2023-10-10T19:11:28+02:00,reward,incoming,0.06,EUR,0.46694567,AUDIO,0.13,EUR,Cryptocurrency,2198,-,-,-,-,-
1ee6790c-8afc-62aa-99e4-0635bf422e6c,2023-10-10T19:16:43+02:00,reward,incoming,0.12,EUR,0.12010793,APE,1.00,EUR,Cryptocurrency,1102,-,-,-,-,-
1ee6d0fd-877a-66d8-871c-d61f10ed2794,2023-10-17T19:08:51+02:00,reward,incoming,0.02,EUR,0.10502399,OSMO,0.19,EUR,Cryptocurrency,2879,-,-,-,-,-
1ee6d108-e12a-638a-9a42-f2f7525496f8,2023-10-17T19:13:56+02:00,reward,incoming,0.13,EUR,0.12048966,APE,1.08,EUR,Cryptocurrency,1102,-,-,-,-,-
1ee6d10d-ab2c-6c56-8480-96630d0ba03c,2023-10-17T19:16:05+02:00,reward,incoming,0.01,EUR,0.02664924,SCRT,0.38,EUR,Cryptocurrency,2639,-,-,-,-,-
1ee6d10e-e362-657a-aafd-f2f7525496f8,2023-10-17T19:16:37+02:00,reward,incoming,0.06,EUR,0.46813527,AUDIO,0.13,EUR,Cryptocurrency,2198,-,-,-,-,-
1ee728fb-85dd-6b44-af74-ee12d807538f,2023-10-24T19:06:49+02:00,reward,incoming,0.01,EUR,0.02673098,SCRT,0.37,EUR,Cryptocurrency,2639,-,-,-,-,-
1ee72908-6772-649a-b9ec-8e1c3817b239,2023-10-24T19:12:35+02:00,reward,incoming,0.14,EUR,0.12087261,APE,1.16,EUR,Cryptocurrency,1102,-,-,-,-,-
1ee7290a-a83e-6c9c-aa31-264fe06bd7db,2023-10-24T19:13:35+02:00,reward,incoming,0.03,EUR,0.10519211,OSMO,0.29,EUR,Cryptocurrency,2879,-,-,-,-,-
1ee7290b-e065-6b6a-8d31-1e3f1a13b57d,2023-10-24T19:14:08+02:00,reward,incoming,0.07,EUR,0.46932791,AUDIO,0.15,EUR,Cryptocurrency,2198,-,-,-,-,-
1ee78107-a939-6700-9565-a20bd30e0f83,2023-10-31T18:11:06+01:00,reward,incoming,0.15,EUR,0.12125678,APE,1.24,EUR,Cryptocurrency,1102,-,-,-,-,-
1ee7810a-732c-6a60-af94-d2a745253145,2023-10-31T18:12:21+01:00,reward,incoming,0.07,EUR,0.47052359,AUDIO,0.15,EUR,Cryptocurrency,2198,-,-,-,-,-
1ee7810e-0a07-6dce-87b7-d2a745253145,2023-10-31T18:13:57+01:00,reward,incoming,0.01,EUR,0.02681297,SCRT,0.37,EUR,Cryptocurrency,2639,-,-,-,-,-
1ee7810e-fc00-6dec-b920-b68e4344e6b8,2023-10-31T18:14:23+01:00,reward,incoming,0.04,EUR,0.10535347,OSMO,0.38,EUR,Cryptocurrency,2879,-,-,-,-,-
1ee7d904-f8d3-684c-a779-0e6f6455e3b1,2023-11-07T18:08:45+01:00,reward,incoming,0.01,EUR,0.02689521,SCRT,0.37,EUR,Cryptocurrency,2639,-,-,-,-,-
1ee7d909-745f-6b60-9a76-fad482c23d7a,2023-11-07T18:10:46+01:00,reward,incoming,0.05,EUR,0.10551509,OSMO,0.47,EUR,Cryptocurrency,2879,-,-,-,-,-
1ee7d90a-9622-6148-ae0a-ae5ca954d006,2023-11-07T18:11:16+01:00,reward,incoming,0.08,EUR,0.47172231,AUDIO,0.17,EUR,Cryptocurrency,2198,-,-,-,-,-
1ee7d914-8fef-6fbe-ab5e-92c93cce245d,2023-11-07T18:15:44+01:00,reward,incoming,0.13,EUR,0.09625852,APE,1.35,EUR,Cryptocurrency,1102,-,-,-,-,-
1ee820c1-22f8-63bc-9b4e-4e3868ea4d03,2023-11-13T11:04:45+01:00,transfer,incoming,44.80,EUR,68.88959420,OSMO,0.65,EUR,Cryptocurrency,2879,-,-,-,-,-,-
1ee820c1-2258-6010-dec1-22f63e440d03,2023-11-13T11:04:45+01:00,transfer(unstake),outgoing,44.80,EUR,68.88959420,OSMO,0.65,EUR,Cryptocurrency,2879,-,-,-,-,-
T1ee820c1-e48a-65c0-e763-7bdfc3bd67d2,2023-11-13T11:05:11+01:00,sell,incoming,43.62,EUR,68.88959420,OSMO,0.63,EUR,Cryptocurrency,2879,-,-,-,-,-,0.00
T1ee820d0-c3ec-64d0-f281-3c71053f2871,2023-11-13T11:11:49+01:00,buy,outgoing,21.00,EUR,0.01061213,ETH,1978.87,EUR,Cryptocurrency,5,-,-,-,-,-,0.00
T1ee820d1-651f-6640-3b85-9470d91866f9,2023-11-13T11:12:04+01:00,buy,outgoing,22.62,EUR,0.09541101,BNB,237.08,EUR,Cryptocurrency,46,-,-,-,-,-,0.00
1ee820dc-54ce-6aec-9e18-4e3868ea4d03,2023-11-13T11:16:55+01:00,transfer,outgoing,20.43,EUR,0.01061213,ETH,1925.23,EUR,Cryptocurrency,5,-,-,-,-,-,-
1ee820dc-53ef-6f90-988c-a71348e83de3,2023-11-13T11:16:55+01:00,transfer(stake),incoming,20.43,EUR,0.01061213,ETH,1925.16,EUR,Cryptocurrency,5,-,-,-,-,-
1ee820dc-b193-6304-bd02-4e3868ea4d03,2023-11-13T11:17:05+01:00,transfer,outgoing,22.03,EUR,0.09541101,BNB,230.85,EUR,Cryptocurrency,46,-,-,-,-,-,-
1ee820dc-b0c4-69f0-bb19-6818ac619362,2023-11-13T11:17:05+01:00,transfer(stake),incoming,22.03,EUR,0.09541101,BNB,230.90,EUR,Cryptocurrency,46,-,-,-,-,-
1ee83103-108d-66a8-815f-ea2d0befae3c,2023-11-14T18:06:46+01:00,reward,incoming,0.05,EUR,0.09057694,OSMO,0.55,EUR,Cryptocurrency,2879,-,-,-,-,-
1ee83104-bcb3-638c-a6d0-ea2d0befae3c,2023-11-14T18:07:30+01:00,reward,incoming,0.01,EUR,0.02697771,SCRT,0.37,EUR,Cryptocurrency,2639,-,-,-,-,-
1ee8310e-ae99-64f4-8470-6ed86a1a9b98,2023-11-14T18:11:57+01:00,reward,incoming,0.13,EUR,0.09650971,APE,1.35,EUR,Cryptocurrency,1102,-,-,-,-,-
1ee83112-8f56-64ee-9dc9-724faefd00bb,2023-11-14T18:13:41+01:00,reward,incoming,0.08,EUR,0.47292409,AUDIO,0.17,EUR,Cryptocurrency,2198,-,-,-,-,-
1ee888ca-116b-6fc4-8bb6-524c42140f35,2023-11-21T17:40:07+01:00,reward,incoming,0.01,EUR,0.00000798,ETH,1253.13,EUR,Cryptocurrency,5,-,-,-,-,-
1ee88903-1eef-602c-beff-a625f020e7ff,2023-11-21T18:05:38+01:00,reward,incoming,0.08,EUR,0.47412893,AUDIO,0.17,EUR,Cryptocurrency,2198,-,-,-,-,-
1ee88905-1339-6f00-9ef4-620b03295ebc,2023-11-21T18:06:31+01:00,reward,incoming,0.01,EUR,0.02706045,SCRT,0.37,EUR,Cryptocurrency,2639,-,-,-,-,-
1ee8890f-ab23-6758-a42f-9a66227e42cb,2023-11-21T18:11:15+01:00,reward,incoming,0.13,EUR,0.09675246,APE,1.34,EUR,Cryptocurrency,1102,-,-,-,-,-
1ee88914-1bf3-6484-9f76-666a79452331,2023-11-21T18:13:14+01:00,reward,incoming,0.01,EUR,0.00002187,BNB,457.25,EUR,Cryptocurrency,46,-,-,-,-,-
1ee88915-5118-6190-9600-9a9ad5fb9c94,2023-11-21T18:13:47+01:00,reward,incoming,0.01,EUR,0.00011912,OSMO,83.95,EUR,Cryptocurrency,2879,-,-,-,-,-
1ee8e104-9a90-6088-9c0a-66ba44520270,2023-11-28T18:05:10+01:00,reward,incoming,0.01,EUR,0.00000798,ETH,1253.13,EUR,Cryptocurrency,5,-,-,-,-,-
1ee8e114-baed-6258-93c4-8294780adbb8,2023-11-28T18:12:23+01:00,reward,incoming,0.14,EUR,0.09699582,APE,1.44,EUR,Cryptocurrency,1102,-,-,-,-,-
1ee8e117-fd08-6fc2-a9e6-02d7dca867cb,2023-11-28T18:13:50+01:00,reward,incoming,0.08,EUR,0.47533684,AUDIO,0.17,EUR,Cryptocurrency,2198,-,-,-,-,-
1ee8e11b-37ba-61c2-be58-46ec402a9be0,2023-11-28T18:15:17+01:00,reward,incoming,0.01,EUR,0.00013913,OSMO,71.88,EUR,Cryptocurrency,2879,-,-,-,-,-
1ee8e11d-1fef-6ffe-bfd5-8eb47ca8d5c3,2023-11-28T18:16:08+01:00,reward,incoming,0.01,EUR,0.02714346,SCRT,0.37,EUR,Cryptocurrency,2639,-,-,-,-,-
1ee8e11f-be65-6722-9038-963bbf8e4144,2023-11-28T18:17:18+01:00,reward,incoming,0.01,EUR,0.00002187,BNB,457.25,EUR,Cryptocurrency,46,-,-,-,-,-
1ee92195-4e63-658a-89e4-4e3868ea4d03,2023-12-03T21:19:59+01:00,transfer,incoming,0.06,EUR,0.09083519,OSMO,0.66,EUR,Cryptocurrency,2879,-,-,-,-,-,-
1ee92195-4d8b-64f0-ae52-c43ae6c0dedf,2023-12-03T21:19:59+01:00,transfer(unstake),outgoing,0.06,EUR,0.09083519,OSMO,0.66,EUR,Cryptocurrency,2879,-,-,-,-,-
1ee938e8-4f60-623e-8f9d-2a03edd00c9d,2023-12-05T17:51:22+01:00,reward,incoming,0.02,EUR,0.00000760,ETH,2631.58,EUR,Cryptocurrency,5,-,-,-,-,-
1ee9391a-5c03-6fae-a4d8-3e4e91f5c2b9,2023-12-05T18:13:45+01:00,reward,incoming,0.01,EUR,0.00002188,BNB,457.04,EUR,Cryptocurrency,46,-,-,-,-,-
1ee9391b-ae79-6594-9179-ba4d65643012,2023-12-05T18:14:21+01:00,reward,incoming,0.01,EUR,0.00011943,OSMO,83.73,EUR,Cryptocurrency,2879,-,-,-,-,-
1ee9391d-cf55-6ff4-9cf3-2a6b609abd84,2023-12-05T18:15:18+01:00,reward,incoming,0.10,EUR,0.47654782,AUDIO,0.21,EUR,Cryptocurrency,2198,-,-,-,-,-
1ee93920-0211-646e-acad-166732a36410,2023-12-05T18:16:17+01:00,reward,incoming,0.01,EUR,0.02722671,SCRT,0.37,EUR,Cryptocurrency,2639,-,-,-,-,-
1ee9392b-99c3-6108-b227-5e4380395986,2023-12-05T18:21:28+01:00,reward,incoming,0.15,EUR,0.09723979,APE,1.54,EUR,Cryptocurrency,1102,-,-,-,-,-
1ee9502d-ecfd-6620-d1f3-bc04fc914cf2,2023-12-07T14:16:45+01:00,transfer(unstake),outgoing,0.01,EUR,0.00011943,OSMO,83.73,EUR,Cryptocurrency,2879,-,-,-,-,-
1ee9502d-ed73-6320-8309-f5f7b9191958,2023-12-07T14:16:46+01:00,transfer,incoming,0.00,EUR,0.00011943,OSMO,0.69,EUR,Cryptocurrency,2879,-,-,-,-,-,-
1ee9502f-2779-6320-273a-885c9337137d,2023-12-07T14:17:18+01:00,transfer(unstake),outgoing,37.82,EUR,187.53137738,AUDIO,0.20,EUR,Cryptocurrency,2198,-,-,-,-,-
1ee9502f-2820-6d00-8e55-87a23d4601f5,2023-12-07T14:17:19+01:00,transfer,incoming,37.82,EUR,187.53137738,AUDIO,0.20,EUR,Cryptocurrency,2198,-,-,-,-,-,-
T1ee9502f-d037-6700-e8fd-54d1b6d4a944,2023-12-07T14:17:46+01:00,sell,incoming,36.87,EUR,187.53137738,AUDIO,0.20,EUR,Cryptocurrency,2198,-,-,-,-,-,0.00
T1ee95031-87ed-65b0-8251-3523cb21dcb8,2023-12-07T14:18:24+01:00,buy,outgoing,36.87,EUR,0.16710116,BNB,220.64,EUR,Cryptocurrency,46,-,-,-,-,-,0.00
1ee98c45-8a90-6d30-023f-9ebc13e8a16f,2023-12-12T08:59:16+01:00,transfer(stake),incoming,38.91,EUR,0.16710116,BNB,232.85,EUR,Cryptocurrency,46,-,-,-,-,-
1ee98c45-8b18-6078-9e4c-03253773ab7f,2023-12-12T08:59:17+01:00,transfer,outgoing,38.91,EUR,0.16710116,BNB,232.86,EUR,Cryptocurrency,46,-,-,-,-,-,-
1ee990a2-309f-60f4-8472-471d8133d89a,2023-12-12T17:18:51+01:00,reward,incoming,0.02,EUR,0.00000761,ETH,2628.12,EUR,Cryptocurrency,5,-,-,-,-,-
1ee9911b-3d71-6e16-908a-6f6467c0faaa,2023-12-12T18:13:00+01:00,reward,incoming,0.15,EUR,0.09748438,APE,1.54,EUR,Cryptocurrency,1102,-,-,-,-,-
1ee99120-0898-621c-88cc-4bec4f8fd2f5,2023-12-12T18:15:09+01:00,reward,incoming,0.01,EUR,0.00002188,BNB,457.04,EUR,Cryptocurrency,46,-,-,-,-,-
1ee99121-d1ae-6ea2-8762-cdeb5506c769,2023-12-12T18:15:57+01:00,reward,incoming,0.03,EUR,0.13637947,AUDIO,0.22,EUR,Cryptocurrency,2198,-,-,-,-,-
1ee99122-ed7f-6888-99a6-6bacc6350398,2023-12-12T18:16:26+01:00,reward,incoming,0.01,EUR,0.00000003,OSMO,333333.33,EUR,Cryptocurrency,2879,-,-,-,-,-
1ee99124-bae2-6d42-a827-85b6ae3a0abe,2023-12-12T18:17:15+01:00,reward,incoming,0.01,EUR,0.02731022,SCRT,0.37,EUR,Cryptocurrency,2639,-,-,-,-,-
1ee9e8c9-f0ce-6030-87e9-cff04988dd77,2023-12-19T17:35:29+01:00,reward,incoming,0.02,EUR,0.00000761,ETH,2628.12,EUR,Cryptocurrency,5,-,-,-,-,-
1ee9e915-03b2-6282-9bc8-234c4bfe2bb1,2023-12-19T18:09:04+01:00,reward,incoming,0.14,EUR,0.09772958,APE,1.43,EUR,Cryptocurrency,1102,-,-,-,-,-
1ee9e918-7d4d-6756-b5a2-39ef64e6ec77,2023-12-19T18:10:38+01:00,reward,incoming,0.01,EUR,0.00005472,BNB,182.75,EUR,Cryptocurrency,46,-,-,-,-,-
1ee9e91c-869c-659c-8962-d3290aa2819f,2023-12-19T18:12:26+01:00,reward,incoming,0.01,EUR,0.00029792,AUDIO,33.57,EUR,Cryptocurrency,2198,-,-,-,-,-
1ee9e91e-6af4-631a-b8b6-3f2316ebebdc,2023-12-19T18:13:17+01:00,reward,incoming,0.01,EUR,0.02739399,SCRT,0.37,EUR,Cryptocurrency,2639,-,-,-,-,-
1eea40f8-3485-6f86-b0d5-1dd58fd20df3,2023-12-26T17:55:02+01:00,reward,incoming,0.02,EUR,0.00000762,ETH,2624.67,EUR,Cryptocurrency,5,-,-,-,-,-
1eea4117-552e-6d9a-825c-51a3f8716139,2023-12-26T18:08:58+01:00,reward,incoming,0.15,EUR,0.09797540,APE,1.53,EUR,Cryptocurrency,1102,-,-,-,-,-
1eea411a-b343-66ee-9ced-b97de924bb7b,2023-12-26T18:10:28+01:00,reward,incoming,0.02,EUR,0.00006020,BNB,332.23,EUR,Cryptocurrency,46,-,-,-,-,-
1eea411b-d3b6-64d4-8291-23d824dc9581,2023-12-26T18:10:59+01:00,reward,incoming,0.01,EUR,0.00034822,AUDIO,28.72,EUR,Cryptocurrency,2198,-,-,-,-,-
1eea411f-1c85-666c-84b6-b3b5f112e5d6,2023-12-26T18:12:27+01:00,reward,incoming,0.01,EUR,0.02747802,SCRT,0.36,EUR,Cryptocurrency,2639,-,-,-,-,-
1eea98da-7d94-6f9e-bd0d-f1b8543b21aa,2024-01-02T17:40:36+01:00,reward,incoming,0.02,EUR,0.00000762,ETH,2624.67,EUR,Cryptocurrency,5,-,-,-,-,-
1eea9912-3370-6eb2-82b4-29fcc4820340,2024-01-02T18:05:32+01:00,reward,incoming,0.01,EUR,0.00034909,AUDIO,28.65,EUR,Cryptocurrency,2198,-,-,-,-,-
1eea9914-0c92-65dc-90df-c32426783274,2024-01-02T18:06:21+01:00,reward,incoming,0.01,EUR,0.02756230,SCRT,0.36,EUR,Cryptocurrency,2639,-,-,-,-,-
1eea991f-d1ae-659a-9b78-99e8fe78a12e,2024-01-02T18:11:37+01:00,reward,incoming,0.15,EUR,0.09822183,APE,1.53,EUR,Cryptocurrency,1102,-,-,-,-,-
1eea9923-4c97-6718-aaf6-9dff1da2fa2f,2024-01-02T18:13:11+01:00,reward,incoming,0.02,EUR,0.00006022,BNB,332.12,EUR,Cryptocurrency,46,-,-,-,-,-
1eeaf10a-a20b-6b10-beb3-5941447f38d4,2024-01-09T18:01:00+01:00,reward,incoming,0.02,EUR,0.00000763,ETH,2621.23,EUR,Cryptocurrency,5,-,-,-,-,-
1eeaf117-407f-6c54-87f9-73c03dbc9715,2024-01-09T18:06:39+01:00,reward,incoming,0.02,EUR,0.00007510,BNB,266.31,EUR,Cryptocurrency,46,-,-,-,-,-
1eeaf119-5c8e-66fa-b231-3b4f5ec15e82,2024-01-09T18:07:35+01:00,reward,incoming,0.01,EUR,0.00034998,AUDIO,28.57,EUR,Cryptocurrency,2198,-,-,-,-,-
1eeaf11b-6736-654c-921b-ebe0d0a43793,2024-01-09T18:08:30+01:00,reward,incoming,0.01,EUR,0.02764684,SCRT,0.36,EUR,Cryptocurrency,2639,-,-,-,-,-
1eeaf127-400a-6048-9330-4965a6ccec5d,2024-01-09T18:13:48+01:00,reward,incoming,0.12,EUR,0.09846889,APE,1.22,EUR,Cryptocurrency,1102,-,-,-,-,-
1eeb48f2-6b1d-67d0-ac3a-7b9bac4d71b8,2024-01-16T17:49:01+01:00,reward,incoming,0.02,EUR,0.00000764,ETH,2617.80,EUR,Cryptocurrency,5,-,-,-,-,-
1eeb4922-c188-6734-b5de-593a44cd3316,2024-01-16T18:10:39+01:00,reward,incoming,0.13,EUR,0.09871657,APE,1.32,EUR,Cryptocurrency,1102,-,-,-,-,-
1eeb4926-41b1-6278-97b4-9349b75188e2,2024-01-16T18:12:13+01:00,reward,incoming,0.02,EUR,0.00007512,BNB,266.24,EUR,Cryptocurrency,46,-,-,-,-,-
1eeb492a-0169-64e6-88d5-938123c5e150,2024-01-16T18:13:53+01:00,reward,incoming,0.01,EUR,0.00035087,AUDIO,28.50,EUR,Cryptocurrency,2198,-,-,-,-,-
1eeb492c-b6b3-6584-a2af-15cb7e8064f3,2024-01-16T18:15:06+01:00,reward,incoming,0.01,EUR,0.01653491,SCRT,0.60,EUR,Cryptocurrency,2639,-,-,-,-,-
1eeba0e1-a009-69b6-96e1-d3bee7603b99,2024-01-23T17:40:22+01:00,reward,incoming,0.02,EUR,0.00000764,ETH,2617.80,EUR,Cryptocurrency,5,-,-,-,-,-
1eeba127-4b62-6034-848b-91555edbc320,2024-01-23T18:11:32+01:00,reward,incoming,0.01,EUR,0.00035177,AUDIO,28.43,EUR,Cryptocurrency,2198,-,-,-,-,-
1eeba129-94c2-638a-aee5-2b60bbc7da74,2024-01-23T18:12:33+01:00,reward,incoming,0.02,EUR,0.00007515,BNB,266.13,EUR,Cryptocurrency,46,-,-,-,-,-
1eeba133-0039-6bb4-b96a-1540e89aeb2b,2024-01-23T18:16:46+01:00,reward,incoming,0.12,EUR,0.09896487,APE,1.21,EUR,Cryptocurrency,1102,-,-,-,-,-
1eeba137-5887-69e8-bfec-ff309678fff3,2024-01-23T18:18:43+01:00,reward,incoming,0.01,EUR,0.01656807,SCRT,0.60,EUR,Cryptocurrency,2639,-,-,-,-,-
1eebf8c0-3a16-62b2-9c66-a5c41c402549,2024-01-30T17:24:17+01:00,reward,incoming,0.02,EUR,0.00000765,ETH,2614.38,EUR,Cryptocurrency,5,-,-,-,-,-
1eebf92b-c3c3-6c6a-b00b-872c46876975,2024-01-30T18:12:23+01:00,reward,incoming,0.13,EUR,0.09921379,APE,1.31,EUR,Cryptocurrency,1102,-,-,-,-,-
1eebf930-dcc1-6118-9942-bd5be1b17666,2024-01-30T18:14:40+01:00,reward,incoming,0.02,EUR,0.00007517,BNB,266.06,EUR,Cryptocurrency,46,-,-,-,-,-
1eebf932-975c-6972-8703-f1c6acc32181,2024-01-30T18:15:27+01:00,reward,incoming,0.01,EUR,0.01659838,SCRT,0.60,EUR,Cryptocurrency,2639,-,-,-,-,-
1eebf934-7f14-62be-b14d-f52c60594666,2024-01-30T18:16:18+01:00,reward,incoming,0.01,EUR,0.00035266,AUDIO,28.36,EUR,Cryptocurrency,2198,-,-,-,-,-
1eec50e3-f245-61be-9a3c-0ffd10a052b5,2024-02-06T17:39:07+01:00,reward,incoming,0.02,EUR,0.00000765,ETH,2614.38,EUR,Cryptocurrency,5,-,-,-,-,-
1eec514d-2bc9-634a-90c7-adc1d49a1af3,2024-02-06T18:26:12+01:00,reward,incoming,0.01,EUR,0.01662874,SCRT,0.60,EUR,Cryptocurrency,2639,-,-,-,-,-
1eec515a-df42-6662-afa2-9575ccc22a43,2024-02-06T18:32:19+01:00,reward,incoming,0.13,EUR,0.09946334,APE,1.31,EUR,Cryptocurrency,1102,-,-,-,-,-
1eec5160-8120-64a2-a09d-316e4bd549de,2024-02-06T18:34:51+01:00,reward,incoming,0.01,EUR,0.00035356,AUDIO,28.28,EUR,Cryptocurrency,2198,-,-,-,-,-
1eec5164-65de-6d98-85cf-91128ced41eb,2024-02-06T18:36:35+01:00,reward,incoming,0.02,EUR,0.00007519,BNB,265.99,EUR,Cryptocurrency,46,-,-,-,-,-
1eec918a-412d-6600-eb2c-1e1631612533,2024-02-11T21:03:36+01:00,transfer(unstake),outgoing,78.42,EUR,0.26315054,BNB,298.00,EUR,Cryptocurrency,46,-,-,-,-,-
1eec918a-419a-6160-b27c-a9c69fa6f6bf,2024-02-11T21:03:37+01:00,transfer,incoming,78.42,EUR,0.26315054,BNB,298.01,EUR,Cryptocurrency,46,-,-,-,-,-,-
T1eec918a-b1c2-62d0-1b89-6be15cea5ce5,2024-02-11T21:03:52+01:00,sell,incoming,76.45,EUR,0.26315054,BNB,290.52,EUR,Cryptocurrency,46,-,-,-,-,-,0.00
1eec918c-bb0e-6ddc-9d63-e1e51d294d9b,2024-02-11T21:04:43+01:00,transfer,incoming,52.48,EUR,39.64296402,APE,1.32,EUR,Cryptocurrency,1102,-,-,-,-,-,-
1eec918c-baa5-6580-3e33-5cd8f4515f86,2024-02-11T21:04:43+01:00,transfer(unstake),outgoing,52.48,EUR,39.64296402,APE,1.32,EUR,Cryptocurrency,1102,-,-,-,-,-
T1eec918e-72d0-6730-6476-0dd2323057b8,2024-02-11T21:05:32+01:00,sell,incoming,51.17,EUR,39.64296402,APE,1.29,EUR,Cryptocurrency,1102,-,-,-,-,-,0.00
T1eec918f-eb49-6670-7de9-dd8f1754ae16,2024-02-11T21:06:10+01:00,buy,outgoing,127.62,EUR,0.00281643,BTC,45312.68,EUR,Cryptocurrency,1,-,-,-,-,-,0.00
1eec9190-e42f-6aa0-12ee-a0511dbf3191,2024-02-11T21:06:34+01:00,transfer(unstake),outgoing,0.01,EUR,0.00000003,OSMO,333333.33,EUR,Cryptocurrency,2879,-,-,-,-,-
1eec9190-e4a0-6412-8e16-bf3ff9f532a8,2024-02-11T21:06:35+01:00,transfer,incoming,0.00,EUR,0.00000003,OSMO,1.67,EUR,Cryptocurrency,2879,-,-,-,-,-,-
1eec9fec-67db-6f70-5ff6-7a296f76ed3f,2024-02-13T00:30:58+01:00,transfer(unstake),outgoing,4.07,EUR,9.10750854,SCRT,0.45,EUR,Cryptocurrency,2639,-,-,-,-,-
1eec9fec-684f-67b8-9a33-3ba6b5826b36,2024-02-13T00:30:59+01:00,transfer,incoming,4.07,EUR,9.10750854,SCRT,0.45,EUR,Cryptocurrency,2639,-,-,-,-,-,-
T1eec9fec-fcfe-6ad0-1e25-ff9d8390213d,2024-02-13T00:31:17+01:00,sell,incoming,3.95,EUR,9.10750854,SCRT,0.43,EUR,Cryptocurrency,2639,-,-,-,-,-,0.00
T1eec9fed-d051-6cc0-0ff3-f530495f3cab,2024-02-13T00:31:37+01:00,buy,outgoing,3.95,EUR,0.00008377,BTC,47152.92,EUR,Cryptocurrency,1,-,-,-,-,-,0.00
1eeca8b4-97ee-6f0c-bb97-9d2ad349c382,2024-02-13T17:16:47+01:00,reward,incoming,0.02,EUR,0.00000727,ETH,2751.03,EUR,Cryptocurrency,5,-,-,-,-,-
1eeca942-2897-6a30-a87c-69b2579f28ee,2024-02-13T18:20:07+01:00,reward,incoming,0.01,EUR,0.00035446,AUDIO,28.21,EUR,Cryptocurrency,2198,-,-,-,-,-
1eeca94c-f8ac-650e-87a7-6bdc253e8ec1,2024-02-13T18:24:58+01:00,reward,incoming,0.12,EUR,0.08546363,APE,1.40,EUR,Cryptocurrency,1102,-,-,-,-,-
1eeca951-27c9-6086-b3cf-895ff931e7cc,2024-02-13T18:26:50+01:00,reward,incoming,0.02,EUR,0.00006446,BNB,310.27,EUR,Cryptocurrency,46,-,-,-,-,-
1eeca955-d363-61ae-82d8-b7640c8b3815,2024-02-13T18:28:55+01:00,reward,incoming,0.01,EUR,0.01665915,SCRT,0.60,EUR,Cryptocurrency,2639,-,-,-,-,-
1eed0100-de15-6298-b667-454fa8edf806,2024-02-20T17:49:46+01:00,reward,incoming,0.02,EUR,0.00000727,ETH,2751.03,EUR,Cryptocurrency,5,-,-,-,-,-
1eed015c-1bc6-6410-8c2c-e3010b8c3a2b,2024-02-20T18:30:35+01:00,reward,incoming,0.01,EUR,0.00018432,APE,54.25,EUR,Cryptocurrency,1102,-,-,-,-,-
1eed0163-45eb-6504-9c0c-090dcc8cb9b9,2024-02-20T18:33:48+01:00,reward,incoming,0.01,EUR,0.00035536,AUDIO,28.14,EUR,Cryptocurrency,2198,-,-,-,-,-
1eed0165-be0e-6cb4-b76a-9f6f3b6ca6df,2024-02-20T18:34:54+01:00,reward,incoming,0.01,EUR,0.00002613,SCRT,382.70,EUR,Cryptocurrency,2639,-,-,-,-,-
1eed0168-b046-6fd4-9be7-836fd45031c2,2024-02-20T18:36:13+01:00,reward,incoming,0.01,EUR,0.00000002,BNB,500000.00,EUR,Cryptocurrency,46,-,-,-,-,-
1eed592e-d23b-62f2-b692-2137b8b1dc4e,2024-02-27T18:09:11+01:00,reward,incoming,0.02,EUR,0.00000728,ETH,2747.25,EUR,Cryptocurrency,5,-,-,-,-,-
1eed5943-d55f-670c-9184-f3e2cf0204d7,2024-02-27T18:18:35+01:00,reward,incoming,0.01,EUR,0.00021544,APE,46.42,EUR,Cryptocurrency,1102,-,-,-,-,-
1eed5947-b45e-6338-a0f2-495427d2f2f4,2024-02-27T18:20:19+01:00,reward,incoming,0.01,EUR,0.00035627,AUDIO,28.07,EUR,Cryptocurrency,2198,-,-,-,-,-
1eed594b-a51f-6616-9128-b13f5fabdf25,2024-02-27T18:22:05+01:00,reward,incoming,0.01,EUR,0.00003052,SCRT,327.65,EUR,Cryptocurrency,2639,-,-,-,-,-
1eed594f-9766-6b60-a654-7b48548d55fd,2024-02-27T18:23:51+01:00,reward,incoming,0.01,EUR,0.00000002,BNB,500000.00,EUR,Cryptocurrency,46,-,-,-,-,-
F1eed6518-79c6-6d9c-8a62-ad06bf516646,2024-02-28T16:53:35+01:00,deposit,incoming,1000.00,EUR,-,EUR,-,-,Fiat,-,0.00000000,EUR,-,-,-,0.00
T1eed6519-be49-6d10-1dab-d43027fcb25e,2024-02-28T16:54:12+01:00,buy,outgoing,1000.00,EUR,0.01743431,BTC,57358.16,EUR,Cryptocurrency,1,-,-,-,-,-,0.00
1eed56a9-8a34-62b0-7401-4e8eeb660321,2024-02-29T13:21:06+01:00,transfer(unstake),outgoing,32.21,EUR,0.01071890,ETH,3004.97,EUR,Cryptocurrency,5,-,-,-,-,-
1eed56a9-8ac1-6fe8-8e17-653e04d29c14,2024-02-29T13:21:07+01:00,transfer,incoming,34.45,EUR,0.01071890,ETH,3213.79,EUR,Cryptocurrency,5,-,-,-,-,-,-
1eedb134-9ccc-6130-981a-cdfa22cb635c,2024-03-05T18:10:38+01:00,reward,incoming,0.01,EUR,0.00021597,APE,46.30,EUR,Cryptocurrency,1102,-,-,-,-,-
1eedb136-a1bf-6334-914b-37cf9a16ceb7,2024-03-05T18:11:32+01:00,reward,incoming,0.01,EUR,0.00035718,AUDIO,28.00,EUR,Cryptocurrency,2198,-,-,-,-,-
1eedb137-fc96-620c-bdbd-4f9a66b4a4ad,2024-03-05T18:12:08+01:00,reward,incoming,0.01,EUR,0.00003058,SCRT,327.01,EUR,Cryptocurrency,2639,-,-,-,-,-
1eedb13a-30c9-6702-936e-67767c0c8ac1,2024-03-05T18:13:08+01:00,reward,incoming,0.01,EUR,0.00000002,BNB,500000.00,EUR,Cryptocurrency,46,-,-,-,-,-
F1eedf129-ffb0-6e74-9832-673cf642d959,2024-03-10T20:15:58+01:00,deposit,incoming,250.00,EUR,-,EUR,-,-,Fiat,-,0.00000000,EUR,-,-,-,0.00
T1eedf12a-afa2-6670-6400-ecf5e2356434,2024-03-10T20:16:20+01:00,buy,outgoing,250.00,EUR,0.06819878,ETH,3665.75,EUR,Cryptocurrency,5,-,-,-,-,-,0.00
1eedf159-9bfe-6108-9795-47b28ddf083a,2024-03-10T20:37:16+01:00,transfer,outgoing,281.93,EUR,0.07891768,ETH,3572.44,EUR,Cryptocurrency,5,-,-,-,-,-,-
1eedf159-9b24-6b10-49ae-0979c4ea7c75,2024-03-10T20:37:16+01:00,transfer(stake),incoming,281.93,EUR,0.07891768,ETH,3572.46,EUR,Cryptocurrency,5,-,-,-,-,-
F1eedfe38-4495-60d8-ad0f-532302d564d7,2024-03-11T21:11:16+01:00,deposit,incoming,300.00,EUR,-,EUR,-,-,Fiat,-,0.00000000,EUR,-,-,-,0.00
T1eedfe38-d1f1-69e0-c5b5-5ab61c52fcab,2024-03-11T21:11:33+01:00,buy,outgoing,300.00,EUR,440.37893785,XRP,0.68,EUR,Cryptocurrency,8,-,-,-,-,-,0.00
1eee0930-53d9-6186-a282-d9ee732f75ba,2024-03-12T18:07:34+01:00,reward,incoming,0.01,EUR,0.00003063,SCRT,326.48,EUR,Cryptocurrency,2639,-,-,-,-,-
1eee0938-88a5-6128-a39c-4f3c3c46121f,2024-03-12T18:11:15+01:00,reward,incoming,0.01,EUR,0.00021651,APE,46.19,EUR,Cryptocurrency,1102,-,-,-,-,-
1eee093b-a69c-6426-9c3f-377f835579ed,2024-03-12T18:12:38+01:00,reward,incoming,0.01,EUR,0.00000002,BNB,500000.00,EUR,Cryptocurrency,46,-,-,-,-,-
1eee093c-a543-6a9c-a07e-6b00c85240e5,2024-03-12T18:13:05+01:00,reward,incoming,0.01,EUR,0.00035809,AUDIO,27.93,EUR,Cryptocurrency,2198,-,-,-,-,-
1eee60b5-2bac-6ab4-868d-858a2853d1bb,2024-03-19T17:11:20+01:00,reward,incoming,0.15,EUR,0.00005056,ETH,2966.77,EUR,Cryptocurrency,5,-,-,-,-,-
1eee6133-a2e1-6642-a691-4bf68b245844,2024-03-19T18:07:54+01:00,reward,incoming,0.01,EUR,0.00003069,SCRT,325.84,EUR,Cryptocurrency,2639,-,-,-,-,-
1eee6136-70fa-60a4-9829-09ab1807cb74,2024-03-19T18:09:10+01:00,reward,incoming,0.01,EUR,0.00035900,AUDIO,27.86,EUR,Cryptocurrency,2198,-,-,-,-,-
1eee6137-cff8-678a-b12c-59280ea54936,2024-03-19T18:09:47+01:00,reward,incoming,0.01,EUR,0.00000002,BNB,500000.00,EUR,Cryptocurrency,46,-,-,-,-,-
1eee613d-0429-6c84-b593-cf95bd024a74,2024-03-19T18:12:06+01:00,reward,incoming,0.01,EUR,0.00021706,APE,46.07,EUR,Cryptocurrency,1102,-,-,-,-,-
1eeeb8b6-9677-6f02-a40c-bbf720cbbbf8,2024-03-26T17:10:49+01:00,reward,incoming,0.17,EUR,0.00005059,ETH,3360.35,EUR,Cryptocurrency,5,-,-,-,-,-
1eeeb935-1afd-6b7c-b041-a7272049d438,2024-03-26T18:07:25+01:00,reward,incoming,0.01,EUR,0.00000002,BNB,500000.00,EUR,Cryptocurrency,46,-,-,-,-,-
1eeeb93d-41f9-6a52-9128-471015348c74,2024-03-26T18:11:04+01:00,reward,incoming,0.01,EUR,0.00018817,APE,53.14,EUR,Cryptocurrency,1102,-,-,-,-,-
1eeeb940-0ad5-6906-aae2-bdf6db5fc34e,2024-03-26T18:12:19+01:00,reward,incoming,0.01,EUR,0.00003074,SCRT,325.31,EUR,Cryptocurrency,2639,-,-,-,-,-
1eeeb941-238d-627c-816b-4b3d789eeb96,2024-03-26T18:12:48+01:00,reward,incoming,0.01,EUR,0.00035991,AUDIO,27.78,EUR,Cryptocurrency,2198,-,-,-,-,-
1eef10f7-5b5c-6af0-bde8-25c56d482141,2024-04-02T18:38:39+02:00,reward,incoming,0.15,EUR,0.00005062,ETH,2963.26,EUR,Cryptocurrency,5,-,-,-,-,-
1eef1137-8524-6a00-b5c9-2b69a50685b7,2024-04-02T19:07:22+02:00,reward,incoming,0.01,EUR,0.00036083,AUDIO,27.71,EUR,Cryptocurrency,2198,-,-,-,-,-
1eef113c-2561-63c0-bb38-59eeecfb6593,2024-04-02T19:09:26+02:00,reward,incoming,0.01,EUR,0.00000002,BNB,500000.00,EUR,Cryptocurrency,46,-,-,-,-,-
1eef113d-55fb-6246-b79a-034d2ce14055,2024-04-02T19:09:58+02:00,reward,incoming,0.01,EUR,0.00003080,SCRT,324.68,EUR,Cryptocurrency,2639,-,-,-,-,-
1eef1142-e568-68de-a2f4-4d66ba04cff8,2024-04-02T19:12:27+02:00,reward,incoming,0.01,EUR,0.00018859,APE,53.03,EUR,Cryptocurrency,1102,-,-,-,-,-
1eef6902-c228-669a-9552-058b8f09c500,2024-04-09T18:42:37+02:00,reward,incoming,0.16,EUR,0.00005065,ETH,3158.93,EUR,Cryptocurrency,5,-,-,-,-,-
1eef693c-2e93-6d14-ae64-95a461b46df4,2024-04-09T19:08:18+02:00,reward,incoming,0.01,EUR,0.00000002,BNB,500000.00,EUR,Cryptocurrency,46,-,-,-,-,-
1eef693e-b5ac-6600-8922-f37e3c5c5f22,2024-04-09T19:09:26+02:00,reward,incoming,0.01,EUR,0.00036175,AUDIO,27.64,EUR,Cryptocurrency,2198,-,-,-,-,-
1eef6940-1ba1-6112-b3eb-dd86e4243a46,2024-04-09T19:10:03+02:00,reward,incoming,0.01,EUR,0.00003086,SCRT,324.04,EUR,Cryptocurrency,2639,-,-,-,-,-
1eef6944-f70f-6632-8bd4-cfebfb7bbe85,2024-04-09T19:12:14+02:00,reward,incoming,0.01,EUR,0.00018900,APE,52.91,EUR,Cryptocurrency,1102,-,-,-,-,-
1eefc0f7-f68f-6a8a-ba6c-d148c71de8a4,2024-04-16T18:36:38+02:00,reward,incoming,0.14,EUR,0.00004780,ETH,2928.87,EUR,Cryptocurrency,5,-,-,-,-,-
1eefc13e-fec4-68b2-8f53-2fac051dcb09,2024-04-16T19:08:25+02:00,reward,incoming,0.01,EUR,0.00000002,BNB,500000.00,EUR,Cryptocurrency,46,-,-,-,-,-
1eefc140-9df9-6ac6-8c5e-75c35f3ecb9b,2024-04-16T19:09:09+02:00,reward,incoming,0.01,EUR,0.00003091,SCRT,323.52,EUR,Cryptocurrency,2639,-,-,-,-,-
1eefc142-757e-686a-8c08-a3003a1ad68d,2024-04-16T19:09:58+02:00,reward,incoming,0.01,EUR,0.00036267,AUDIO,27.57,EUR,Cryptocurrency,2198,-,-,-,-,-
1eefc147-f140-6caa-8601-c12e9a870681,2024-04-16T19:12:25+02:00,reward,incoming,0.01,EUR,0.00018941,APE,52.80,EUR,Cryptocurrency,1102,-,-,-,-,-
1ef018e5-9228-69e8-ae84-011f4f88dc6a,2024-04-23T18:27:16+02:00,reward,incoming,0.14,EUR,0.00004783,ETH,2927.03,EUR,Cryptocurrency,5,-,-,-,-,-
1ef01941-0077-683a-b01c-3904082548eb,2024-04-23T19:08:10+02:00,reward,incoming,0.01,EUR,0.00000002,BNB,500000.00,EUR,Cryptocurrency,46,-,-,-,-,-
1ef01943-ab63-68d2-9a51-ab550582072a,2024-04-23T19:09:22+02:00,reward,incoming,0.01,EUR,0.00003097,SCRT,322.89,EUR,Cryptocurrency,2639,-,-,-,-,-
1ef01949-6d62-610e-b9c4-197b3601e88e,2024-04-23T19:11:56+02:00,reward,incoming,0.01,EUR,0.00018982,APE,52.68,EUR,Cryptocurrency,1102,-,-,-,-,-
1ef0194b-598e-64be-9b6f-b3977881dc8c,2024-04-23T19:12:48+02:00,reward,incoming,0.01,EUR,0.00036360,AUDIO,27.50,EUR,Cryptocurrency,2198,-,-,-,-,-
1ef0710f-4d3f-6dcc-b606-5b652d3e1a7c,2024-04-30T18:44:48+02:00,reward,incoming,0.13,EUR,0.00004786,ETH,2716.26,EUR,Cryptocurrency,5,-,-,-,-,-
1ef07147-c032-6c52-ad36-79a6e8477672,2024-04-30T19:10:03+02:00,reward,incoming,0.01,EUR,0.00019023,APE,52.57,EUR,Cryptocurrency,1102,-,-,-,-,-
1ef07149-c0d1-6e90-8192-fdccc410a108,2024-04-30T19:10:57+02:00,reward,incoming,0.01,EUR,0.00000002,BNB,500000.00,EUR,Cryptocurrency,46,-,-,-,-,-
1ef0714a-a33e-6a9e-b4ab-29de3f088fd8,2024-04-30T19:11:20+02:00,reward,incoming,0.01,EUR,0.00036452,AUDIO,27.43,EUR,Cryptocurrency,2198,-,-,-,-,-
1ef0714c-88e2-64a0-981e-196116ef9c92,2024-04-30T19:12:11+02:00,reward,incoming,0.01,EUR,0.00003103,SCRT,322.27,EUR,Cryptocurrency,2639,-,-,-,-,-
1ef0c8e6-606d-6e6a-a0ed-e9a9342463cc,2024-05-07T18:25:20+02:00,reward,incoming,0.14,EUR,0.00004789,ETH,2923.37,EUR,Cryptocurrency,5,-,-,-,-,-
1ef0c948-18df-628a-a463-5f19cbef1293,2024-05-07T19:09:04+02:00,reward,incoming,0.01,EUR,0.00000002,BNB,500000.00,EUR,Cryptocurrency,46,-,-,-,-,-
1ef0c94d-1524-6816-8f66-bd7a48ea9797,2024-05-07T19:11:17+02:00,reward,incoming,0.01,EUR,0.00019065,APE,52.45,EUR,Cryptocurrency,1102,-,-,-,-,-
1ef0c94f-70ce-6f2a-8ddb-9d7b9d808837,2024-05-07T19:12:21+02:00,reward,incoming,0.01,EUR,0.00036545,AUDIO,27.36,EUR,Cryptocurrency,2198,-,-,-,-,-
1ef0c950-c0d8-6c0e-8ab6-d545552c8a6e,2024-05-07T19:12:56+02:00,reward,incoming,0.01,EUR,0.00003108,SCRT,321.75,EUR,Cryptocurrency,2639,-,-,-,-,-
1ef120d9-caec-6f48-857c-697f12880b01,2024-05-14T18:18:34+02:00,reward,incoming,0.13,EUR,0.00004792,ETH,2712.85,EUR,Cryptocurrency,5,-,-,-,-,-
1ef12149-d91b-6522-a2f4-11fa88e0b1c5,2024-05-14T19:08:42+02:00,reward,incoming,0.01,EUR,0.00000002,BNB,500000.00,EUR,Cryptocurrency,46,-,-,-,-,-
1ef1214d-4634-6520-8082-6b9aab7e5c4e,2024-05-14T19:10:14+02:00,reward,incoming,0.01,EUR,0.00003114,SCRT,321.13,EUR,Cryptocurrency,2639,-,-,-,-,-
1ef12152-4ac1-6f7a-aeab-093961ba677f,2024-05-14T19:12:29+02:00,reward,incoming,0.01,EUR,0.00019106,APE,52.34,EUR,Cryptocurrency,1102,-,-,-,-,-
1ef12154-232e-6510-af40-61926ce2e5f6,2024-05-14T19:13:18+02:00,reward,incoming,0.01,EUR,0.00036638,AUDIO,27.29,EUR,Cryptocurrency,2198,-,-,-,-,-
1ef17909-39e3-6e60-bb0c-09d3c8540a6e,2024-05-21T18:38:39+02:00,reward,incoming,0.17,EUR,0.00004795,ETH,3545.36,EUR,Cryptocurrency,5,-,-,-,-,-
1ef17949-0e78-6f2e-a6f9-f785a1108017,2024-05-21T19:07:12+02:00,reward,incoming,0.01,EUR,0.00000002,BNB,500000.00,EUR,Cryptocurrency,46,-,-,-,-,-
1ef17950-1749-6a98-9a65-fb2be2498523,2024-05-21T19:10:21+02:00,reward,incoming,0.01,EUR,0.00019148,APE,52.22,EUR,Cryptocurrency,1102,-,-,-,-,-
1ef17953-6c68-62d8-9a83-65508a3f9f9c,2024-05-21T19:11:50+02:00,reward,incoming,0.01,EUR,0.00003120,SCRT,320.51,EUR,Cryptocurrency,2639,-,-,-,-,-
1ef17954-6ffc-6088-9a31-b3ee447b674c,2024-05-21T19:12:18+02:00,reward,incoming,0.01,EUR,0.00036732,AUDIO,27.22,EUR,Cryptocurrency,2198,-,-,-,-,-
1ef1d127-122a-66c8-8720-31d969e2797a,2024-05-28T18:50:51+02:00,reward,incoming,0.17,EUR,0.00004798,ETH,3543.14,EUR,Cryptocurrency,5,-,-,-,-,-
1ef1d14c-04fb-60e0-a891-b74365031614,2024-05-28T19:07:23+02:00,reward,incoming,0.01,EUR,0.00003125,SCRT,320.00,EUR,Cryptocurrency,2639,-,-,-,-,-
1ef1d150-0ebe-6326-83bd-29a2a85e387d,2024-05-28T19:09:11+02:00,reward,incoming,0.01,EUR,0.00000002,BNB,500000.00,EUR,Cryptocurrency,46,-,-,-,-,-
1ef1d155-66ff-6cb0-9909-3363cc28868f,2024-05-28T19:11:35+02:00,reward,incoming,0.01,EUR,0.00019189,APE,52.11,EUR,Cryptocurrency,1102,-,-,-,-,-
1ef1d157-e090-692e-b627-6394d32ecd7d,2024-05-28T19:12:41+02:00,reward,incoming,0.01,EUR,0.00036825,AUDIO,27.16,EUR,Cryptocurrency,2198,-,-,-,-,-
1ef22911-ca3b-6676-a8d9-27ace22d89fc,2024-06-04T18:40:11+02:00,reward,incoming,0.16,EUR,0.00004511,ETH,3546.89,EUR,Cryptocurrency,5,-,-,-,-,-
1ef22954-e913-6c36-a145-d14da4f899b7,2024-06-04T19:10:13+02:00,reward,incoming,0.01,EUR,0.00019231,APE,52.00,EUR,Cryptocurrency,1102,-,-,-,-,-
1ef22958-023c-66d8-b325-032f43d6d81a,2024-06-04T19:11:36+02:00,reward,incoming,0.01,EUR,0.00036919,AUDIO,27.09,EUR,Cryptocurrency,2198,-,-,-,-,-
1ef2295b-c143-6d94-9167-c74c277c9664,2024-06-04T19:13:17+02:00,reward,incoming,0.01,EUR,0.00003131,SCRT,319.39,EUR,Cryptocurrency,2639,-,-,-,-,-
1ef280ec-6d9e-6ce6-854d-c7393da729c2,2024-06-11T18:22:20+02:00,reward,incoming,0.15,EUR,0.00004513,ETH,3323.73,EUR,Cryptocurrency,5,-,-,-,-,-
1ef28152-d0d6-6dd4-8c5d-b785e5288f19,2024-06-11T19:08:08+02:00,reward,incoming,0.01,EUR,0.00003137,SCRT,318.78,EUR,Cryptocurrency,2639,-,-,-,-,-
1ef28158-d9c7-6c1c-8e69-ebebb3699e60,2024-06-11T19:10:50+02:00,reward,incoming,0.01,EUR,0.00019273,APE,51.89,EUR,Cryptocurrency,1102,-,-,-,-,-
1ef2815c-53ca-6ad4-ab5b-3d6ded8ebfda,2024-06-11T19:12:24+02:00,reward,incoming,0.01,EUR,0.00037013,AUDIO,27.02,EUR,Cryptocurrency,2198,-,-,-,-,-
1ef2d91f-0f76-675a-8106-130be7c54916,2024-06-18T18:43:50+02:00,reward,incoming,0.14,EUR,0.00004516,ETH,3100.09,EUR,Cryptocurrency,5,-,-,-,-,-
1ef2d953-c677-66d2-835a-cf515009ccd5,2024-06-18T19:07:25+02:00,reward,incoming,0.01,EUR,0.00003143,SCRT,318.17,EUR,Cryptocurrency,2639,-,-,-,-,-
1ef2d956-83ff-693c-b19e-b56a648b34b2,2024-06-18T19:08:39+02:00,reward,incoming,0.01,EUR,0.00037107,AUDIO,26.95,EUR,Cryptocurrency,2198,-,-,-,-,-
1ef2d95e-12ce-6f12-b480-573398ec1179,2024-06-18T19:12:02+02:00,reward,incoming,0.01,EUR,0.00019315,APE,51.77,EUR,Cryptocurrency,1102,-,-,-,-,-
1ef33114-fc04-68b8-83cc-df25b3a772e1,2024-06-25T18:38:11+02:00,reward,incoming,0.14,EUR,0.00004518,ETH,3098.72,EUR,Cryptocurrency,5,-,-,-,-,-
1ef3315a-faee-6fa0-af9a-81dd513bb452,2024-06-25T19:09:30+02:00,reward,incoming,0.01,EUR,0.00019357,APE,51.66,EUR,Cryptocurrency,1102,-,-,-,-,-
1ef3315d-78f6-6a4a-9be8-3992cb465a2d,2024-06-25T19:10:37+02:00,reward,incoming,0.01,EUR,0.00037202,AUDIO,26.88,EUR,Cryptocurrency,2198,-,-,-,-,-
1ef33160-c9c1-690e-9598-f52d5f155d33,2024-06-25T19:12:06+02:00,reward,incoming,0.01,EUR,0.00003148,SCRT,317.66,EUR,Cryptocurrency,2639,-,-,-,-,-
1ef38920-5b44-6590-9419-1dd9479f1034,2024-07-02T18:42:08+02:00,reward,incoming,0.14,EUR,0.00004521,ETH,3096.66,EUR,Cryptocurrency,5,-,-,-,-,-
1ef38955-5639-6502-9edc-bb0d864d06bd,2024-07-02T19:05:50+02:00,reward,incoming,0.01,EUR,0.00003154,SCRT,317.06,EUR,Cryptocurrency,2639,-,-,-,-,-
1ef38957-ba8a-6f72-901f-cb2071c4c2fe,2024-07-02T19:06:54+02:00,reward,incoming,0.01,EUR,0.00037297,AUDIO,26.81,EUR,Cryptocurrency,2198,-,-,-,-,-
1ef3895d-ad76-6fa6-a9c5-3d2828661416,2024-07-02T19:09:34+02:00,reward,incoming,0.01,EUR,0.00019399,APE,51.55,EUR,Cryptocurrency,1102,-,-,-,-,-
1ef3e11b-1dd3-6abe-b95e-7173831c4400,2024-07-09T18:38:39+02:00,reward,incoming,0.13,EUR,0.00004523,ETH,2874.20,EUR,Cryptocurrency,5,-,-,-,-,-
1ef3e15d-22a9-659c-9d4e-f9c876ea5ba2,2024-07-09T19:08:11+02:00,reward,incoming,0.01,EUR,0.00019441,APE,51.44,EUR,Cryptocurrency,1102,-,-,-,-,-
1ef3e161-9046-6042-ae62-93cffe496629,2024-07-09T19:10:10+02:00,reward,incoming,0.01,EUR,0.00003160,SCRT,316.46,EUR,Cryptocurrency,2639,-,-,-,-,-
1ef3e162-c8ec-699a-8c74-efb4d5cc68ba,2024-07-09T19:10:42+02:00,reward,incoming,0.01,EUR,0.00037392,AUDIO,26.74,EUR,Cryptocurrency,2198,-,-,-,-,-
1ef43917-4237-65aa-924d-4181475a2496,2024-07-16T18:35:46+02:00,reward,incoming,0.14,EUR,0.00004526,ETH,3093.24,EUR,Cryptocurrency,5,-,-,-,-,-
1ef4395d-d21d-6dd6-af73-dd3a6316a520,2024-07-16T19:07:21+02:00,reward,incoming,0.01,EUR,0.00003166,SCRT,315.86,EUR,Cryptocurrency,2639,-,-,-,-,-
1ef4395f-0b24-6304-a58a-e16bd5df3083,2024-07-16T19:07:53+02:00,reward,incoming,0.01,EUR,0.00037487,AUDIO,26.68,EUR,Cryptocurrency,2198,-,-,-,-,-
1ef43966-826a-66d2-bd23-15de8c6cc38e,2024-07-16T19:11:14+02:00,reward,incoming,0.01,EUR,0.00019483,APE,51.33,EUR,Cryptocurrency,1102,-,-,-,-,-
1ef490e1-5d18-6528-921c-9f932c96ea5a,2024-07-23T18:10:31+02:00,reward,incoming,0.14,EUR,0.00004529,ETH,3091.19,EUR,Cryptocurrency,5,-,-,-,-,-
1ef4915c-0fd6-6118-a78e-f35933a97880,2024-07-23T19:05:25+02:00,reward,incoming,0.01,EUR,0.00037582,AUDIO,26.61,EUR,Cryptocurrency,2198,-,-,-,-,-
1ef49163-fbbe-6196-afb2-73e02a970e49,2024-07-23T19:08:57+02:00,reward,incoming,0.01,EUR,0.00019526,APE,51.21,EUR,Cryptocurrency,1102,-,-,-,-,-
1ef49167-652e-6650-94c8-9d1aae59100b,2024-07-23T19:10:29+02:00,reward,incoming,0.01,EUR,0.00003171,SCRT,315.36,EUR,Cryptocurrency,2639,-,-,-,-,-
1ef4e8f3-6e97-679e-9130-7f1f443c064a,2024-07-30T18:17:28+02:00,reward,incoming,0.14,EUR,0.00004531,ETH,3089.83,EUR,Cryptocurrency,5,-,-,-,-,-
1ef4e96b-6695-617c-be40-19334791fa1d,2024-07-30T19:11:08+02:00,reward,incoming,0.01,EUR,0.00019568,APE,51.10,EUR,Cryptocurrency,1102,-,-,-,-,-
1ef4e96d-8829-6796-9d2a-614a9e9f1a1c,2024-07-30T19:12:05+02:00,reward,incoming,0.01,EUR,0.00003177,SCRT,314.76,EUR,Cryptocurrency,2639,-,-,-,-,-
1ef4e96f-20a9-61a0-b8a1-c17d8d0ed642,2024-07-30T19:12:48+02:00,reward,incoming,0.01,EUR,0.00037678,AUDIO,26.54,EUR,Cryptocurrency,2198,-,-,-,-,-
1ef540f4-727b-678a-a493-3f75e5822149,2024-08-06T18:16:46+02:00,reward,incoming,0.11,EUR,0.00004534,ETH,2426.11,EUR,Cryptocurrency,5,-,-,-,-,-
1ef54168-6b42-6148-86cb-1b1cab2cbaab,2024-08-06T19:08:39+02:00,reward,incoming,0.01,EUR,0.00037774,AUDIO,26.47,EUR,Cryptocurrency,2198,-,-,-,-,-
1ef5416e-65e1-618a-8e47-d78077a2d657,2024-08-06T19:11:20+02:00,reward,incoming,0.01,EUR,0.00019611,APE,50.99,EUR,Cryptocurrency,1102,-,-,-,-,-
1ef54171-980f-6104-aedc-33eb1892253f,2024-08-06T19:12:46+02:00,reward,incoming,0.01,EUR,0.00003183,SCRT,314.17,EUR,Cryptocurrency,2639,-,-,-,-,-
1ef5991a-a93e-6104-be23-cd511dd3b1d7,2024-08-13T18:32:43+02:00,reward,incoming,0.11,EUR,0.00004536,ETH,2425.04,EUR,Cryptocurrency,5,-,-,-,-,-
1ef59969-131e-6576-9942-ff4b1101cf24,2024-08-13T19:07:48+02:00,reward,incoming,0.01,EUR,0.00003189,SCRT,313.58,EUR,Cryptocurrency,2639,-,-,-,-,-
1ef5996d-b847-6300-b8a6-8f86b304ad2a,2024-08-13T19:09:53+02:00,reward,incoming,0.01,EUR,0.00019653,APE,50.88,EUR,Cryptocurrency,1102,-,-,-,-,-
1ef5996f-f278-6f40-80ee-33217187bc3d,2024-08-13T19:10:53+02:00,reward,incoming,0.01,EUR,0.00037870,AUDIO,26.41,EUR,Cryptocurrency,2198,-,-,-,-,-
1ef5f12e-c35e-6b3a-bb5c-772baa1e10f4,2024-08-20T18:40:34+02:00,reward,incoming,0.11,EUR,0.00004539,ETH,2423.44,EUR,Cryptocurrency,5,-,-,-,-,-
1ef5f16a-ce05-69a8-bb50-bb1bb7d84af1,2024-08-20T19:07:26+02:00,reward,incoming,0.01,EUR,0.00003195,SCRT,312.99,EUR,Cryptocurrency,2639,-,-,-,-,-
1ef5f16b-cbd0-663c-a809-4ffb282d00b1,2024-08-20T19:07:53+02:00,reward,incoming,0.01,EUR,0.00037967,AUDIO,26.34,EUR,Cryptocurrency,2198,-,-,-,-,-
1ef5f173-2336-632a-8d31-ad4db5f86022,2024-08-20T19:11:10+02:00,reward,incoming,0.01,EUR,0.00019696,APE,50.77,EUR,Cryptocurrency,1102,-,-,-,-,-
1ef64903-9d0f-6f92-b9db-9de983544ac1,2024-08-27T18:20:07+02:00,reward,incoming,0.11,EUR,0.00004541,ETH,2422.37,EUR,Cryptocurrency,5,-,-,-,-,-
1ef6496a-222e-6be0-a783-67b2654e38b7,2024-08-27T19:05:59+02:00,reward,incoming,0.01,EUR,0.00038064,AUDIO,26.27,EUR,Cryptocurrency,2198,-,-,-,-,-
1ef6496d-e207-609a-af4b-a3daefcc940c,2024-08-27T19:07:40+02:00,reward,incoming,0.01,EUR,0.00003201,SCRT,312.40,EUR,Cryptocurrency,2639,-,-,-,-,-
1ef64973-8a3f-6208-ad52-a143dfceaf47,2024-08-27T19:10:12+02:00,reward,incoming,0.01,EUR,0.00019739,APE,50.66,EUR,Cryptocurrency,1102,-,-,-,-,-
1ef6a151-420c-64aa-bf6a-4164960ce321,2024-09-03T18:53:43+02:00,reward,incoming,0.11,EUR,0.00004544,ETH,2420.77,EUR,Cryptocurrency,5,-,-,-,-,-
1ef6a16c-2cbe-61be-9d63-7720e2757ce2,2024-09-03T19:05:46+02:00,reward,incoming,0.01,EUR,0.00038161,AUDIO,26.20,EUR,Cryptocurrency,2198,-,-,-,-,-
1ef6a16f-d481-6f60-92f5-31ab5695ed26,2024-09-03T19:07:24+02:00,reward,incoming,0.01,EUR,0.00003206,SCRT,311.92,EUR,Cryptocurrency,2639,-,-,-,-,-
1ef6a175-d478-6978-851b-3d92a93ad07b,2024-09-03T19:10:05+02:00,reward,incoming,0.01,EUR,0.00019782,APE,50.55,EUR,Cryptocurrency,1102,-,-,-,-,-
1ef6f954-4bef-6fe8-99f2-37e7f4d4b245,2024-09-10T18:53:56+02:00,reward,incoming,0.11,EUR,0.00004547,ETH,2419.18,EUR,Cryptocurrency,5,-,-,-,-,-
1ef6f971-4a18-62fc-a29f-39d132268578,2024-09-10T19:06:54+02:00,reward,incoming,0.01,EUR,0.00038258,AUDIO,26.14,EUR,Cryptocurrency,2198,-,-,-,-,-
1ef6f974-8fd8-6abe-b280-374f02076311,2024-09-10T19:08:22+02:00,reward,incoming,0.01,EUR,0.00003212,SCRT,311.33,EUR,Cryptocurrency,2639,-,-,-,-,-
1ef6f97a-3458-6148-8cf6-bbdc117a2e2e,2024-09-10T19:10:54+02:00,reward,incoming,0.01,EUR,0.00019825,APE,50.44,EUR,Cryptocurrency,1102,-,-,-,-,-
1ef7510b-2574-686e-a92e-cd043991efa9,2024-09-17T18:20:04+02:00,reward,incoming,0.10,EUR,0.00004549,ETH,2198.29,EUR,Cryptocurrency,5,-,-,-,-,-
1ef75171-204f-62c4-8fff-a755080cf93c,2024-09-17T19:05:41+02:00,reward,incoming,0.01,EUR,0.00038355,AUDIO,26.07,EUR,Cryptocurrency,2198,-,-,-,-,-
1ef75175-db6c-6e9a-a712-d79238c557e4,2024-09-17T19:07:48+02:00,reward,incoming,0.01,EUR,0.00003218,SCRT,310.75,EUR,Cryptocurrency,2639,-,-,-,-,-
1ef7517b-39a8-68c4-96b0-fd891fa16dcc,2024-09-17T19:10:12+02:00,reward,incoming,0.01,EUR,0.00019868,APE,50.33,EUR,Cryptocurrency,1102,-,-,-,-,-
1ef7a902-43f5-69e2-b23c-3fc0fdb2d0bb,2024-09-24T18:14:57+02:00,reward,incoming,0.10,EUR,0.00004397,ETH,2274.28,EUR,Cryptocurrency,5,-,-,-,-,-
1ef7a978-428e-6fec-8414-6932a919f92a,2024-09-24T19:07:44+02:00,reward,incoming,0.01,EUR,0.00038453,AUDIO,26.01,EUR,Cryptocurrency,2198,-,-,-,-,-
1ef7a979-e498-656c-849d-0b6129a49340,2024-09-24T19:08:28+02:00,reward,incoming,0.01,EUR,0.00003224,SCRT,310.17,EUR,Cryptocurrency,2639,-,-,-,-,-
1ef7a97f-8662-6938-81be-1d262b85b540,2024-09-24T19:10:59+02:00,reward,incoming,0.01,EUR,0.00018025,APE,55.48,EUR,Cryptocurrency,1102,-,-,-,-,-
1ef80129-f496-6a10-aadb-1762155977db,2024-10-01T18:31:34+02:00,reward,incoming,0.10,EUR,0.00004400,ETH,2272.73,EUR,Cryptocurrency,5,-,-,-,-,-
1ef8017a-d77a-6656-bc0a-7b02ab724287,2024-10-01T19:07:45+02:00,reward,incoming,0.01,EUR,0.00003230,SCRT,309.60,EUR,Cryptocurrency,2639,-,-,-,-,-
1ef8017f-d974-6f74-9eca-11400f6b9733,2024-10-01T19:09:59+02:00,reward,incoming,0.01,EUR,0.00018061,APE,55.37,EUR,Cryptocurrency,1102,-,-,-,-,-
1ef80183-c74b-67c2-90e5-c53c36da4800,2024-10-01T19:11:45+02:00,reward,incoming,0.01,EUR,0.00038551,AUDIO,25.94,EUR,Cryptocurrency,2198,-,-,-,-,-
1ef8590a-57c1-659e-9858-3758cedab110,2024-10-08T18:16:16+02:00,reward,incoming,0.10,EUR,0.00004402,ETH,2271.69,EUR,Cryptocurrency,5,-,-,-,-,-
1ef8b171-00ee-678e-a8a4-7f356e75a51a,2024-10-15T19:01:04+02:00,reward,incoming,0.11,EUR,0.00004405,ETH,2497.16,EUR,Cryptocurrency,5,-,-,-,-,-
1ef8b1b6-ad51-6e1e-a519-19874a3c9284,2024-10-15T19:32:14+02:00,reward,incoming,0.01,EUR,0.00038663,AUDIO,25.86,EUR,Cryptocurrency,2198,-,-,-,-,-
1ef8b1bb-9ac5-6b74-a49f-03731bf01c37,2024-10-15T19:34:26+02:00,reward,incoming,0.01,EUR,0.00018101,APE,55.25,EUR,Cryptocurrency,1102,-,-,-,-,-
1ef8b1bd-a292-658a-b849-71b8732d7229,2024-10-15T19:35:21+02:00,reward,incoming,0.01,EUR,0.00003237,SCRT,308.93,EUR,Cryptocurrency,2639,-,-,-,-,-
1ef90964-4e9e-659c-9d36-05d39972d82d,2024-10-22T18:54:14+02:00,reward,incoming,0.10,EUR,0.00004253,ETH,2351.28,EUR,Cryptocurrency,5,-,-,-,-,-
1ef90981-75a8-6404-80a6-f9a440304183,2024-10-22T19:07:17+02:00,reward,incoming,0.01,EUR,0.00018132,APE,55.15,EUR,Cryptocurrency,1102,-,-,-,-,-
1ef90986-73da-6406-a8d7-8fb2b8ee578a,2024-10-22T19:09:31+02:00,reward,incoming,0.01,EUR,0.00038748,AUDIO,25.81,EUR,Cryptocurrency,2198,-,-,-,-,-
1ef90989-0af5-6b4a-af96-17fcacc625a3,2024-10-22T19:10:40+02:00,reward,incoming,0.01,EUR,0.00003242,SCRT,308.45,EUR,Cryptocurrency,2639,-,-,-,-,-
1ef96139-4867-6af2-abbc-cb287da29c38,2024-10-29T17:33:51+01:00,reward,incoming,0.10,EUR,0.00004256,ETH,2349.62,EUR,Cryptocurrency,5,-,-,-,-,-
1ef96186-be6e-6b9a-8d41-9d10ffb3bd65,2024-10-29T18:08:30+01:00,reward,incoming,0.01,EUR,0.00018167,APE,55.04,EUR,Cryptocurrency,1102,-,-,-,-,-
1ef96189-e88a-61ce-80cc-35973863405a,2024-10-29T18:09:55+01:00,reward,incoming,0.01,EUR,0.00003248,SCRT,307.88,EUR,Cryptocurrency,2639,-,-,-,-,-
1ef9618b-0d55-69bc-9226-1b92328180a8,2024-10-29T18:10:26+01:00,reward,incoming,0.01,EUR,0.00038846,AUDIO,25.74,EUR,Cryptocurrency,2198,-,-,-,-,-
1ef9b955-17d9-6d12-aab0-c5679b3d243b,2024-11-05T17:45:09+01:00,reward,incoming,0.10,EUR,0.00004258,ETH,2348.52,EUR,Cryptocurrency,5,-,-,-,-,-
1ef9b98a-6d27-6e2e-81a4-a72d267486ba,2024-11-05T18:09:00+01:00,reward,incoming,0.01,EUR,0.00018203,APE,54.94,EUR,Cryptocurrency,1102,-,-,-,-,-
1ef9b98d-fe81-67aa-827e-4bdfdc7125bd,2024-11-05T18:10:36+01:00,reward,incoming,0.01,EUR,0.00003254,SCRT,307.31,EUR,Cryptocurrency,2639,-,-,-,-,-
1ef9b98f-17df-6476-9908-81dae8d21d98,2024-11-05T18:11:06+01:00,reward,incoming,0.01,EUR,0.00038945,AUDIO,25.68,EUR,Cryptocurrency,2198,-,-,-,-,-
1efa115e-e5c7-6650-ae0c-d3ce49ba7312,2024-11-12T17:48:23+01:00,reward,incoming,0.13,EUR,0.00004260,ETH,3051.64,EUR,Cryptocurrency,5,-,-,-,-,-
1efa118c-f217-6b7a-b5fc-932fb8f60641,2024-11-12T18:08:59+01:00,reward,incoming,0.01,EUR,0.00018239,APE,54.83,EUR,Cryptocurrency,1102,-,-,-,-,-
1efa1190-20ab-66dc-b092-41a19de8614d,2024-11-12T18:10:25+01:00,reward,incoming,0.01,EUR,0.00039045,AUDIO,25.61,EUR,Cryptocurrency,2198,-,-,-,-,-
1efa1191-b933-6174-b9f2-c194a04dddd3,2024-11-12T18:11:08+01:00,reward,incoming,0.01,EUR,0.00003260,SCRT,306.75,EUR,Cryptocurrency,2639,-,-,-,-,-
1efa694a-605c-68f0-94e4-3d4b08b9e401,2024-11-19T17:38:04+01:00,reward,incoming,0.13,EUR,0.00004262,ETH,3050.21,EUR,Cryptocurrency,5,-,-,-,-,-
1efa6989-6a2b-6144-813c-4dea44aa72c6,2024-11-19T18:06:16+01:00,reward,incoming,0.01,EUR,0.00030781,AUDIO,32.49,EUR,Cryptocurrency,2198,-,-,-,-,-
1efa698b-1b51-6ac6-be87-0b5e9cdb1418,2024-11-19T18:07:01+01:00,reward,incoming,0.01,EUR,0.00003266,SCRT,306.18,EUR,Cryptocurrency,2639,-,-,-,-,-
1efa6993-1de7-63f0-90cf-3b44fbdbfebd,2024-11-19T18:10:36+01:00,reward,incoming,0.01,EUR,0.00015749,APE,63.50,EUR,Cryptocurrency,1102,-,-,-,-,-
1efa72db-000f-6976-906b-8b4a4091bafb,2024-11-20T11:53:34+01:00,transfer,incoming,0.10,EUR,0.09296767,APE,1.04,EUR,Cryptocurrency,1102,-,-,-,-,-,-
1efa72da-fc64-6bf0-d7c1-1bfd07e7061c,2024-11-20T11:53:34+01:00,transfer(unstake),outgoing,0.10,EUR,0.09296767,APE,1.08,EUR,Cryptocurrency,1102,-,-,-,-,-
1efa72db-a612-63f0-f03f-fa3b85056c88,2024-11-20T11:53:51+01:00,transfer(unstake),outgoing,0.04,EUR,0.00006476,BNB,617.67,EUR,Cryptocurrency,46,-,-,-,-,-
1efa72db-a68e-684c-af9b-59fa7ae99003,2024-11-20T11:53:52+01:00,transfer,incoming,0.04,EUR,0.00006476,BNB,583.47,EUR,Cryptocurrency,46,-,-,-,-,-,-
1efa72dc-2a09-6b68-80ac-51aea2f48b9f,2024-11-20T11:54:05+01:00,transfer,incoming,0.02,EUR,0.15395616,AUDIO,0.14,EUR,Cryptocurrency,2198,-,-,-,-,-,-
1efa72dc-297f-6440-34f9-1d1f8d232145,2024-11-20T11:54:05+01:00,transfer(unstake),outgoing,0.02,EUR,0.15395616,AUDIO,0.13,EUR,Cryptocurrency,2198,-,-,-,-,-
1efa72dc-bd3b-6170-a73c-647039f5627d,2024-11-20T11:54:20+01:00,transfer(unstake),outgoing,0.01,EUR,0.01788520,SCRT,0.56,EUR,Cryptocurrency,2639,-,-,-,-,-
1efa72dc-bdd0-6acc-a9a2-0faa26a84385,2024-11-20T11:54:21+01:00,transfer,incoming,0.01,EUR,0.01788520,SCRT,0.33,EUR,Cryptocurrency,2639,-,-,-,-,-,-
T1efa72dd-4477-6c07-ac0c-3750b7eaee43,2024-11-20T11:55:02+01:00,sell,incoming,0.77,EUR,7669.51888924,LUNC,0.00,EUR,Cryptocurrency,133,-,-,-,-,-,0.00
T1efa72dd-44ce-6a77-91c6-c3396c908aff,2024-11-20T11:55:02+01:00,buy,outgoing,0.77,EUR,1.56099760,BEST,0.49,EUR,Cryptocurrency,33,-,-,-,-,-,0.00
T1efa72dd-447a-631b-ac0c-3750b7eaee43,2024-11-20T11:55:02+01:00,sell,incoming,0.04,EUR,0.09095465,OSMO,0.44,EUR,Cryptocurrency,2879,-,-,-,-,-,0.00
T1efa72dd-45a3-60e9-91c6-c3396c908aff,2024-11-20T11:55:02+01:00,buy,outgoing,0.04,EUR,0.08109078,BEST,0.49,EUR,Cryptocurrency,33,-,-,-,-,-,0.00
T1efa72dd-447a-6321-ac0c-3750b7eaee43,2024-11-20T11:55:03+01:00,sell,incoming,0.01,EUR,0.01788520,SCRT,0.56,EUR,Cryptocurrency,2639,-,-,-,-,-,0.00
T1efa72dd-45e0-617b-91c6-c3396c908aff,2024-11-20T11:55:03+01:00,buy,outgoing,0.01,EUR,0.02027269,BEST,0.49,EUR,Cryptocurrency,33,-,-,-,-,-,0.00
T1efa72dd-4477-6c09-ac0c-3750b7eaee43,2024-11-20T11:55:03+01:00,sell,incoming,0.09,EUR,0.09296767,APE,0.97,EUR,Cryptocurrency,1102,-,-,-,-,-,0.00
T1efa72dd-4735-6e47-91c6-c3396c908aff,2024-11-20T11:55:03+01:00,buy,outgoing,0.09,EUR,0.18245427,BEST,0.49,EUR,Cryptocurrency,33,-,-,-,-,-,0.00
T1efa72dd-447a-631f-ac0c-3750b7eaee43,2024-11-20T11:55:03+01:00,sell,incoming,0.02,EUR,0.15395616,AUDIO,0.13,EUR,Cryptocurrency,2198,-,-,-,-,-,0.00
T1efa72dd-46b4-67f3-91c6-c3396c908aff,2024-11-20T11:55:03+01:00,buy,outgoing,0.02,EUR,0.04054539,BEST,0.49,EUR,Cryptocurrency,33,-,-,-,-,-,0.00
T1efa72dd-447a-631d-ac0c-3750b7eaee43,2024-11-20T11:55:03+01:00,sell,incoming,0.03,EUR,0.00006476,BNB,463.25,EUR,Cryptocurrency,46,-,-,-,-,-,0.00
T1efa72dd-4652-6d6f-91c6-c3396c908aff,2024-11-20T11:55:03+01:00,buy,outgoing,0.03,EUR,0.06081809,BEST,0.49,EUR,Cryptocurrency,33,-,-,-,-,-,0.00
T1efa72e8-ec32-658f-91c6-c3396c908aff,2024-11-20T11:59:48+01:00,sell,incoming,10.39,EUR,10.00000000,XRP,1.04,EUR,Cryptocurrency,8,-,-,-,-,-,0.00
T1efa72e8-ec8c-6ae1-91c6-c3396c908aff,2024-11-20T11:59:48+01:00,buy,outgoing,10.39,EUR,20.84442511,BEST,0.50,EUR,Cryptocurrency,33,-,-,-,-,-,0.00
T1efa7464-bd05-66d0-ac0c-3750b7eaee43,2024-11-20T14:49:44+01:00,sell,incoming,11.16,EUR,22.79060393,BEST,0.49,EUR,Cryptocurrency,33,-,-,-,-,-,0.00
T1efa7464-bd93-61d2-a1c5-d37a9794e3f3,2024-11-20T14:49:44+01:00,buy,outgoing,11.16,EUR,301.63996459,ESE,0.04,EUR,Cryptocurrency,3134,-,-,-,-,-,0.00
1efa7464-bdc9-6072-89c9-c1f461b61ea2,2024-11-20T14:49:44+01:00,transfer,incoming,0.01,EUR,0.01123741,BEST,0.50,EUR,Cryptocurrency,33,-,-,-,-,-,-
1efa7464-be77-619a-adc4-e319f1575fad,2024-11-20T14:49:44+01:00,transfer,incoming,0.01,EUR,0.01123741,BEST,0.50,EUR,Cryptocurrency,33,-,-,-,-,-,-
aff75467-e04f-42ca-b5b7-5018b89cf282,2024-11-20T14:51:29+01:00,transfer,incoming,0.31,EUR,8.52469000,ESE,0.04,EUR,Cryptocurrency,3134,-,-,-,-,-,-
T1efa8c2f-9208-6aa5-a1cd-8b33e15ba9d8,2024-11-22T12:14:43+01:00,sell,incoming,6.99,EUR,310.16465459,ESE,0.02,EUR,Cryptocurrency,3134,-,-,-,-,-,0.00
T1efa8c2f-925b-6ac7-a1cd-8b33e15ba9d8,2024-11-22T12:14:43+01:00,buy,outgoing,6.99,EUR,13.54429965,BEST,0.52,EUR,Cryptocurrency,33,-,-,-,-,-,0.00
2d4e7f7d-9a52-4b62-b5c0-65c5113ce67f,2024-11-22T19:23:39+01:00,transfer,incoming,0.82,EUR,16.62034000,LL,0.05,EUR,Cryptocurrency,3262,-,-,-,-,-,-
b50ae0c7-726f-4d6a-a8e4-876e90ea14c9,2024-11-25T13:04:24+01:00,transfer,incoming,0.01,EUR,0.01356677,BEST,0.59,EUR,Cryptocurrency,33,-,-,-,-,-,-
5d078982-5958-4223-a09b-4cad8d68a6ec,2024-11-26T14:48:17+01:00,transfer,incoming,0.71,EUR,13.96615000,AGENT,0.05,EUR,Cryptocurrency,3269,-,-,-,-,-,-
1efac143-892c-6324-bb3c-2fc59d2d7057,2024-11-26T17:33:52+01:00,reward,incoming,0.14,EUR,0.00004371,ETH,3202.93,EUR,Cryptocurrency,5,-,-,-,-,-
1efac18a-463e-6412-823b-0b2e5d61dfb7,2024-11-26T18:05:30+01:00,reward,incoming,0.01,EUR,0.00000478,SCRT,2092.05,EUR,Cryptocurrency,2639,-,-,-,-,-
1efac190-65df-6748-a2b1-512f7a6a6ef1,2024-11-26T18:08:15+01:00,reward,incoming,0.01,EUR,0.00002307,APE,433.46,EUR,Cryptocurrency,1102,-,-,-,-,-
1efac194-5c16-6960-bfef-a7a2f7a87263,2024-11-26T18:10:01+01:00,reward,incoming,0.01,EUR,0.00004509,AUDIO,221.78,EUR,Cryptocurrency,2198,-,-,-,-,-
0718c846-db60-47e5-b199-a223c94f04ab,2024-11-27T16:33:10+01:00,transfer,incoming,0.74,EUR,18.24488000,OBT,0.04,EUR,Cryptocurrency,3238,-,-,-,-,-,-
f6f555d6-63f9-4fe2-afdc-3f3cf407d76f,2024-11-28T18:33:52+01:00,transfer,incoming,0.33,EUR,39.41808000,SUPRA,0.01,EUR,Cryptocurrency,3276,-,-,-,-,-,-
7543e7eb-2043-4c16-a668-ffd30c705b8d,2024-11-30T10:25:40+01:00,transfer,incoming,0.29,EUR,7.39761000,NPC,0.04,EUR,Cryptocurrency,3275,-,-,-,-,-,-
7fd40ece-6deb-481a-9b15-7f9e24f9ea03,2024-12-03T15:05:59+01:00,transfer,incoming,0.30,EUR,0.37779000,XFI,0.81,EUR,Cryptocurrency,3284,-,-,-,-,-,-
1efb196d-06de-630e-b1f7-df586ad0d0f3,2024-12-03T17:51:17+01:00,reward,incoming,0.15,EUR,0.00004374,ETH,3429.36,EUR,Cryptocurrency,5,-,-,-,-,-
1efb1994-71e1-6486-aae0-bf2212a4033d,2024-12-03T18:08:55+01:00,reward,incoming,0.01,EUR,0.00000003,APE,333333.33,EUR,Cryptocurrency,1102,-,-,-,-,-
1efb1997-f63a-645a-baec-efb731b84cf2,2024-12-03T18:10:29+01:00,reward,incoming,0.01,EUR,0.00000008,AUDIO,125000.00,EUR,Cryptocurrency,2198,-,-,-,-,-
1efb199b-5516-6a8e-aa0e-d5a7ac29defe,2024-12-03T18:12:00+01:00,reward,incoming,0.01,EUR,0.00000001,SCRT,1000000.00,EUR,Cryptocurrency,2639,-,-,-,-,-
F1efb2efb-8c3e-6f00-be6c-957c2f71a0aa,2024-12-05T11:00:13+01:00,deposit,incoming,10.00,EUR,-,EUR,-,-,Fiat,-,0.00000000,EUR,-,-,-,0.00
9199ddaf-b9bf-41f6-b32a-8101dd9bf531,2024-12-05T16:25:07+01:00,transfer,incoming,0.29,EUR,1.96672000,ZIG,0.15,EUR,Cryptocurrency,3290,-,-,-,-,-,-
1efb3eb2-2f0f-6d40-d182-3aef011e0c21,2024-12-06T16:59:55+01:00,transfer(unstake),outgoing,0.01,EUR,0.00002310,APE,432.90,EUR,Cryptocurrency,1102,-,-,-,-,-
1efb3eb2-2f90-6ae4-bc2a-61960cc831ab,2024-12-06T16:59:56+01:00,transfer,incoming,0.00,EUR,0.00002310,APE,1.78,EUR,Cryptocurrency,1102,-,-,-,-,-,-
T1efb4d91-1b3d-61ff-9aa0-69fc9dcd7ffb,2024-12-07T21:23:07+01:00,buy,outgoing,3.21,EUR,0.00003311,BTC,96949.56,EUR,Cryptocurrency,1,-,-,-,-,-,0.00
T1efb4d91-1b3f-6912-9aa0-69fc9dcd7ffb,2024-12-07T21:23:07+01:00,buy,outgoing,1.28,EUR,0.52377055,XRP,2.44,EUR,Cryptocurrency,8,-,-,-,-,-,0.00
T1efb4d91-1b42-6025-9aa0-69fc9dcd7ffb,2024-12-07T21:23:07+01:00,buy,outgoing,3.51,EUR,0.00090458,ETH,3880.25,EUR,Cryptocurrency,5,-,-,-,-,-,0.00
T1efb4d91-1b44-6738-9aa0-69fc9dcd7ffb,2024-12-07T21:23:07+01:00,buy,outgoing,1.02,EUR,0.00436784,SOL,233.53,EUR,Cryptocurrency,135,-,-,-,-,-,0.00
T1efb4d91-1b46-6e4b-9aa0-69fc9dcd7ffb,2024-12-07T21:23:07+01:00,buy,outgoing,0.98,EUR,0.00134181,BNB,730.36,EUR,Cryptocurrency,46,-,-,-,-,-,0.00
1efb4d91-1db4-69c2-a836-bf5047a80feb,2024-12-07T21:23:07+01:00,transfer,incoming,0.00,EUR,0.00653306,BEST,0.77,EUR,Cryptocurrency,33,-,-,-,-,-,-
T1efb66ee-fbea-6040-5582-96ffda24553e,2024-12-09T21:48:30+01:00,sell,incoming,1.81,EUR,39.41808000,SUPRA,0.05,EUR,Cryptocurrency,3276,-,-,-,-,-,0.00
1efb66ee-fcaf-63a4-a6b0-7bb090ee46c2,2024-12-09T21:48:30+01:00,transfer,incoming,0.00,EUR,0.00110600,BEST,0.82,EUR,Cryptocurrency,33,-,-,-,-,-,-
1efb66f1-cd50-6894-81af-7b83d31b589a,2024-12-09T21:49:41+01:00,transfer,incoming,0.00,EUR,0.00004517,AUDIO,0.18,EUR,Cryptocurrency,2198,-,-,-,-,-,-
1efb66f1-ccb8-6620-71e3-353badc06492,2024-12-09T21:49:41+01:00,transfer(unstake),outgoing,0.01,EUR,0.00004517,AUDIO,221.39,EUR,Cryptocurrency,2198,-,-,-,-,-
1efb66f2-28fa-6582-a6d4-119b99b9ae82,2024-12-09T21:49:51+01:00,transfer,incoming,0.00,EUR,0.00000479,SCRT,0.52,EUR,Cryptocurrency,2639,-,-,-,-,-,-
1efb66f2-287e-6090-3950-7e0b814ece5c,2024-12-09T21:49:51+01:00,transfer(unstake),outgoing,0.01,EUR,0.00000479,SCRT,2087.68,EUR,Cryptocurrency,2639,-,-,-,-,-
T1efb66f3-f92a-687a-bb62-0b7336201d37,2024-12-09T21:50:43+01:00,sell,incoming,0.01,EUR,0.00002310,APE,432.90,EUR,Cryptocurrency,1102,-,-,-,-,-,0.00
T1efb66f3-f9ac-63c8-9d13-736854fb221f,2024-12-09T21:50:43+01:00,buy,outgoing,0.01,EUR,0.01221553,BEST,0.82,EUR,Cryptocurrency,33,-,-,-,-,-,0.00
T1efb66f3-f92a-687c-bb62-0b7336201d37,2024-12-09T21:50:43+01:00,sell,incoming,0.01,EUR,0.00000479,SCRT,2087.68,EUR,Cryptocurrency,2639,-,-,-,-,-,0.00
T1efb66f3-fa15-637a-9d13-736854fb221f,2024-12-09T21:50:43+01:00,buy,outgoing,0.01,EUR,0.01221553,BEST,0.82,EUR,Cryptocurrency,33,-,-,-,-,-,0.00
T1efb66f3-f92c-6f8e-bb62-0b7336201d37,2024-12-09T21:50:43+01:00,sell,incoming,0.01,EUR,0.00004517,AUDIO,221.39,EUR,Cryptocurrency,2198,-,-,-,-,-,0.00
T1efb66f3-fac0-61dc-9d13-736854fb221f,2024-12-09T21:50:43+01:00,buy,outgoing,0.01,EUR,0.01221553,BEST,0.82,EUR,Cryptocurrency,33,-,-,-,-,-,0.00
2c20ea2a-0377-4219-afbe-1870975dae25,2024-12-10T14:28:13+01:00,transfer,incoming,0.16,EUR,25.47365000,SNEK,0.01,EUR,Cryptocurrency,3296,-,-,-,-,-,-
1efb7111-5e05-6b86-b298-45acd0362991,2024-12-10T17:09:08+01:00,reward,incoming,0.15,EUR,0.00004376,ETH,3427.79,EUR,Cryptocurrency,5,-,-,-,-,-
1efb7192-eb84-6c1a-ab13-172ec4775cdb,2024-12-10T18:07:05+01:00,reward,incoming,0.01,EUR,0.00000001,SCRT,1000000.00,EUR,Cryptocurrency,2639,-,-,-,-,-
1efb7196-153f-6ade-8b36-73b74369e417,2024-12-10T18:08:30+01:00,reward,incoming,0.01,EUR,0.00000009,AUDIO,111111.11,EUR,Cryptocurrency,2198,-,-,-,-,-
63cd3527-0176-48da-98ac-ee87ac87caf1,2024-12-11T15:01:05+01:00,transfer,incoming,0.36,EUR,6.55266000,ATR,0.05,EUR,Cryptocurrency,3304,-,-,-,-,-,-
a420aa30-02fd-4c52-a4dd-706fdc87ca9a,2024-12-12T14:45:32+01:00,transfer,incoming,0.36,EUR,7.26006000,QBX,0.05,EUR,Cryptocurrency,3303,-,-,-,-,-,-
e4a243e1-dfd6-43e7-8b3a-cd8a777ee4e3,2024-12-13T14:30:18+01:00,transfer,incoming,0.25,EUR,4.53851000,CREO,0.06,EUR,Cryptocurrency,3305,-,-,-,-,-,-
T1efbad05-a811-6e70-a9b9-0e4620060d1a,2024-12-15T11:35:56+01:00,buy,outgoing,1.81,EUR,2.07712500,BEST,0.87,EUR,Cryptocurrency,33,-,-,-,-,-,0.00
1efbad05-a8d0-6dd4-8f92-75e3e1693d0d,2024-12-15T11:35:56+01:00,transfer,incoming,0.00,EUR,0.00105432,BEST,0.86,EUR,Cryptocurrency,33,-,-,-,-,-,-
e40ceea6-0519-4e98-9546-d1f0c1cbf725,2024-12-16T13:21:52+01:00,transfer,incoming,0.01,EUR,0.01570280,BEST,0.83,EUR,Cryptocurrency,33,-,-,-,-,-,-
8f7e93f6-9389-4584-a7e3-19159e5f88da,2024-12-16T14:31:38+01:00,transfer,incoming,0.60,EUR,195.02484000,TMAI,0.00,-,Cryptocurrency,3312,-,-,-,-,-,-
df757985-ad52-4aab-a85a-8583715bbefe,2024-12-17T15:28:08+01:00,transfer,incoming,0.31,EUR,1.00753000,SUIAI,0.31,EUR,Cryptocurrency,3311,-,-,-,-,-,-
T1efbc8f3-4eb1-6cdf-a9ba-ffc19d60c22a,2024-12-17T16:54:33+01:00,sell,incoming,2.03,EUR,195.02484000,TMAI,0.01,EUR,Cryptocurrency,3312,-,-,-,-,-,0.00
T1efbc8f3-4f11-6051-a9ba-ffc19d60c22a,2024-12-17T16:54:33+01:00,buy,outgoing,2.03,EUR,2.34621925,BEST,0.87,EUR,Cryptocurrency,33,-,-,-,-,-,0.00
1efbc8f3-4f4d-6c12-9e8e-172d0f9a163c,2024-12-17T16:54:33+01:00,transfer,incoming,0.00,EUR,0.00118543,BEST,0.86,EUR,Cryptocurrency,33,-,-,-,-,-,-
1efbc8f3-4fd0-67ca-8eb9-531f9d1aa7a1,2024-12-17T16:54:33+01:00,transfer,incoming,0.00,EUR,0.00118543,BEST,0.86,EUR,Cryptocurrency,33,-,-,-,-,-,-
1efbc98c-1d8b-6c94-a1ff-c10b059526b6,2024-12-17T18:02:54+01:00,reward,incoming,0.16,EUR,0.00004378,ETH,3654.64,EUR,Cryptocurrency,5,-,-,-,-,-
43b9a3e4-fae1-44b7-a759-313967312e7a,2024-12-18T15:39:21+01:00,transfer,incoming,0.31,EUR,0.33464000,KIMA,0.93,EUR,Cryptocurrency,3313,-,-,-,-,-,-
1e08b166-261b-44c5-8b31-e28ac2244f56,2024-12-19T14:58:33+01:00,transfer,incoming,0.30,EUR,26.18103000,APP,0.01,EUR,Cryptocurrency,3180,-,-,-,-,-,-
949c587b-adf1-4224-bbbd-f1575974551b,2024-12-20T14:52:20+01:00,transfer,incoming,0.74,EUR,1342.96688000,FOMO,0.00,-,Cryptocurrency,3320,-,-,-,-,-,-
09bd35e6-b9b5-4e61-8f91-ba3663c5f152,2024-12-23T13:44:56+01:00,transfer,incoming,0.01,EUR,0.01806709,BEST,0.79,EUR,Cryptocurrency,33,-,-,-,-,-,-
49830e44-afa2-4525-ade8-0af123809485,2024-12-23T15:21:42+01:00,transfer,incoming,0.59,EUR,4.39114000,EYWA,0.14,EUR,Cryptocurrency,3319,-,-,-,-,-,-
1efc2163-c10e-68d8-9d7c-097baec8b50c,2024-12-24T17:43:42+01:00,reward,incoming,0.15,EUR,0.00004381,ETH,3423.88,EUR,Cryptocurrency,5,-,-,-,-,-
1efc7918-bdb3-6f96-bc93-59368f55be8c,2024-12-31T17:09:00+01:00,reward,incoming,0.14,EUR,0.00004383,ETH,3194.16,EUR,Cryptocurrency,5,-,-,-,-,-
7e011427-2c81-4240-bd88-23d75858dac6,2025-01-07T15:03:21+01:00,transfer,incoming,0.26,EUR,9.59079000,KIP,0.03,EUR,Cryptocurrency,3334,-,-,-,-,-,-
1efcd132-71db-6c32-8aa2-85f9545aa16c,2025-01-07T17:19:21+01:00,reward,incoming,0.15,EUR,0.00004386,ETH,3419.97,EUR,Cryptocurrency,5,-,-,-,-,-
1efd298f-9a2a-67d2-83e8-8bb1e74bc0b0,2025-01-14T17:59:53+01:00,reward,incoming,0.14,EUR,0.00004388,ETH,3190.52,EUR,Cryptocurrency,5,-,-,-,-,-
62add355-7661-4dff-a19a-d6317198152f,2025-01-15T14:38:58+01:00,transfer,incoming,0.36,EUR,6.33024000,HAI,0.06,EUR,Cryptocurrency,3350,-,-,-,-,-,-
3a6cb002-2c6d-4e58-b60e-2cd1f0e65e90,2025-01-16T15:26:21+01:00,transfer,incoming,0.21,EUR,0.07808000,NOS,2.70,EUR,Cryptocurrency,3345,-,-,-,-,-,-
274218d0-a496-4ea8-b56b-00e717f05f73,2025-01-17T14:35:48+01:00,transfer,incoming,0.21,EUR,27.16632000,HAPPY,0.01,EUR,Cryptocurrency,3346,-,-,-,-,-,-
1efd819d-c274-6a1a-b407-8b092e9d566a,2025-01-21T18:05:05+01:00,reward,incoming,0.14,EUR,0.00004390,ETH,3189.07,EUR,Cryptocurrency,5,-,-,-,-,-
2ab13789-3b1e-46cd-8cc4-c3ccd937bf1d,2025-01-23T14:20:27+01:00,transfer,incoming,0.44,EUR,3.58146000,CAM,0.12,EUR,Cryptocurrency,3357,-,-,-,-,-,-
1efd8c66-4267-61a0-72b3-5e0ae9282e27,2025-01-24T14:40:08+01:00,transfer(unstake),outgoing,256.16,EUR,0.08097059,ETH,3163.62,EUR,Cryptocurrency,5,-,-,-,-,-
1efd8c66-42d7-6ca2-a122-5bfbf505e8e4,2025-01-24T14:40:09+01:00,transfer,incoming,263.13,EUR,0.08097059,ETH,3249.64,EUR,Cryptocurrency,5,-,-,-,-,-,-
52f2f0ec-0ea4-4568-9926-1f1d09bbe5dd,2025-01-24T15:09:27+01:00,transfer,incoming,0.54,EUR,1156.21625000,GOATS,0.00,-,Cryptocurrency,3358,-,-,-,-,-,-
T1efdd55f-7180-6021-8eef-9bb413c54f79,2025-01-28T09:57:56+01:00,sell,incoming,123.61,EUR,0.04097059,ETH,3017.04,EUR,Cryptocurrency,5,-,-,-,-,-,0.00
T1efdd55f-7201-6673-8eef-9bb413c54f79,2025-01-28T09:57:56+01:00,buy,outgoing,123.61,EUR,398.13466453,HBAR,0.31,EUR,Cryptocurrency,62,-,-,-,-,-,0.00
1efdd55f-7227-616e-ba74-198649da1736,2025-01-28T09:57:56+01:00,transfer,incoming,0.06,EUR,0.07697902,BEST,0.80,EUR,Cryptocurrency,33,-,-,-,-,-,-
1efdd55f-726d-6092-b790-c9dd2708c2d4,2025-01-28T09:57:57+01:00,transfer,incoming,0.06,EUR,0.07697902,BEST,0.80,EUR,Cryptocurrency,33,-,-,-,-,-,-
1efdd985-8709-672e-b44f-8bd280b1d88e,2025-01-28T17:53:06+01:00,reward,incoming,0.02,EUR,0.00000627,ETH,3189.79,EUR,Cryptocurrency,5,-,-,-,-,-
e457e885-0b7c-402b-a1df-4c768d45ed24,2025-01-30T14:42:12+01:00,transfer,incoming,0.26,EUR,1.49462000,WOD,0.18,EUR,Cryptocurrency,3365,-,-,-,-,-,-
266d89f8-5e1f-4168-a9de-71ff6a9279f0,2025-01-31T16:08:26+01:00,transfer,incoming,0.50,EUR,9.65890000,GPT,0.05,EUR,Cryptocurrency,3373,-,-,-,-,-,-
T1efe078f-e448-61c8-8ac8-81872a573add,2025-02-01T09:46:14+01:00,sell,incoming,0.13,EUR,0.04866040,XRP,2.67,EUR,Cryptocurrency,8,-,-,-,-,-,0.00
T1efe078f-e452-6e66-a733-c9eeb555d895,2025-02-01T09:46:14+01:00,sell,incoming,0.10,EUR,0.00016984,BNB,588.79,EUR,Cryptocurrency,46,-,-,-,-,-,0.00
T1efe078f-e472-604a-a058-816881fe9325,2025-02-01T09:46:14+01:00,buy,outgoing,0.23,EUR,0.00007151,ETH,3216.33,EUR,Cryptocurrency,5,-,-,-,-,-,0.00
T1efe09bb-106c-6b99-bd1c-4b99ee001ef6,2025-02-01T13:54:37+01:00,sell,incoming,124.34,EUR,0.04000000,ETH,3108.50,EUR,Cryptocurrency,5,-,-,-,-,-,0.00
T1efe09bb-10e3-66e1-9704-35117168f94b,2025-02-01T13:54:37+01:00,buy,outgoing,124.34,EUR,418.20131593,HBAR,0.30,EUR,Cryptocurrency,62,-,-,-,-,-,0.00
1efe09bb-110c-6b3c-8df2-f1422eb6b2ed,2025-02-01T13:54:37+01:00,transfer,incoming,0.06,EUR,0.07714263,BEST,0.81,EUR,Cryptocurrency,33,-,-,-,-,-,-
1efe09bb-1160-6ac0-a1b4-f9769d7437f2,2025-02-01T13:54:37+01:00,transfer,incoming,0.06,EUR,0.07714263,BEST,0.81,EUR,Cryptocurrency,33,-,-,-,-,-,-
b46b0ea3-ea48-48a1-ace9-e92fb3b5dbab,2025-02-03T13:20:50+01:00,transfer,incoming,0.01,EUR,0.01839340,BEST,0.73,EUR,Cryptocurrency,33,-,-,-,-,-,-
F1efeeb33-8d91-69b4-804e-b52e37c59fea,2025-02-19T12:18:19+01:00,deposit,incoming,50.00,EUR,-,EUR,-,-,Fiat,-,0.00000000,EUR,-,-,-,0.00
T1efeeb34-d125-6b20-5a7e-957e49a9f99b,2025-02-19T12:18:57+01:00,buy,outgoing,50.00,EUR,239.56698937,HBAR,0.21,EUR,Cryptocurrency,62,0.76000000,EUR,1.49,-,-,0.00
1efeeb34-d1c0-6ecc-aaf5-cd9634e4fb58,2025-02-19T12:18:57+01:00,transfer,incoming,0.02,EUR,0.03509941,BEST,0.71,EUR,Cryptocurrency,33,-,-,-,-,-,-
2d414229-e907-4d86-a2b0-115149451306,2025-02-20T17:38:15+01:00,transfer,incoming,0.32,EUR,97.80773000,ONDOAI,0.00,-,Cryptocurrency,3390,-,-,-,-,-,-
e2fe7923-24a7-4458-9e55-c7f404247a86,2025-02-24T13:33:52+01:00,transfer,incoming,0.01,EUR,0.01844690,BEST,0.70,EUR,Cryptocurrency,33,-,-,-,-,-,-
dcdfcac2-8c31-4ebd-bf80-c734b87d11e5,2025-02-28T16:54:32+01:00,transfer,incoming,0.25,EUR,0.96162000,AIC,0.26,EUR,Cryptocurrency,3396,-,-,-,-,-,-
T1eff60a7-127d-6144-8c09-a9f19ce1fb98,2025-02-28T20:30:18+01:00,sell,incoming,0.20,EUR,0.00000252,BTC,79365.08,EUR,Cryptocurrency,1,0.01000000,EUR,1.99,-,-,0.00
T1eff60a7-128f-61a0-86e1-8dc3f9f86321,2025-02-28T20:30:18+01:00,buy,outgoing,0.11,EUR,0.00005253,ETH,2094.04,EUR,Cryptocurrency,5,0.01000000,EUR,1.99,-,-,0.00
T1eff60a7-12a8-657e-a1d6-495ab2842702,2025-02-28T20:30:18+01:00,buy,outgoing,0.09,EUR,0.00015500,BNB,580.65,EUR,Cryptocurrency,46,0.01000000,EUR,1.99,-,-,0.00
F1effaa7f-dfbd-6178-a5ab-ad8354855b3e,2025-03-06T17:28:10+01:00,deposit,incoming,250.00,EUR,-,EUR,-,-,Fiat,-,0.00000000,EUR,-,-,-,0.00
T1effaa80-81f6-6660-8097-78b805b9a6fa,2025-03-06T17:28:30+01:00,buy,outgoing,250.00,EUR,0.11770396,ETH,2123.97,EUR,Cryptocurrency,5,3.77000000,EUR,1.49,-,-,0.00
1effaa80-829d-6dde-9093-5df92efd9a06,2025-03-06T17:28:30+01:00,transfer,incoming,0.12,EUR,0.18772698,BEST,0.67,EUR,Cryptocurrency,33,-,-,-,-,-,-
T1f025f2b-caaf-6d36-af4a-c5e6631791d8,2025-04-30T20:41:33+02:00,sell,incoming,0.31,EUR,0.00000382,BTC,81151.83,EUR,Cryptocurrency,1,0.01000000,EUR,1.99,-,-,0.00
T1f025f2b-caca-63f2-a02b-015c647db96d,2025-04-30T20:41:33+02:00,buy,outgoing,0.12,EUR,0.00008063,ETH,1488.28,EUR,Cryptocurrency,5,0.01000000,EUR,1.99,-,-,0.00
T1f025f2b-cad7-67f0-87d2-11a3f3d9cafe,2025-04-30T20:41:33+02:00,buy,outgoing,0.11,EUR,0.05662978,XRP,1.94,EUR,Cryptocurrency,8,0.01000000,EUR,1.99,-,-,0.00
T1f025f2b-caf1-6722-9af6-1b2cd6e253da,2025-04-30T20:41:33+02:00,buy,outgoing,0.08,EUR,0.00061149,SOL,130.83,EUR,Cryptocurrency,135,0.01000000,EUR,1.99,-,-,0.00
T1f0365b3-bba0-696a-8056-0f04fe065f70,2025-05-21T17:49:57+02:00,sell,incoming,0.24,EUR,18.24488000,OBT,0.01,EUR,Cryptocurrency,3238,0.00000000,EUR,0,-,-,0.00
T1f0365b3-bc01-6192-9e27-25931e1720eb,2025-05-21T17:49:57+02:00,buy,outgoing,0.24,EUR,0.59395881,BEST,0.40,EUR,Cryptocurrency,33,0.00000000,EUR,0,-,-,0.00
T1f0365b3-bba7-6eac-8056-0f04fe065f70,2025-05-21T17:49:57+02:00,sell,incoming,0.10,EUR,6.33024000,HAI,0.02,EUR,Cryptocurrency,3350,0.00000000,EUR,0,-,-,0.00
T1f0365b3-bcb0-6e16-9e27-25931e1720eb,2025-05-21T17:49:57+02:00,buy,outgoing,0.10,EUR,0.24748284,BEST,0.40,EUR,Cryptocurrency,33,0.00000000,EUR,0,-,-,0.00
T1f0365b3-bba5-6796-8056-0f04fe065f70,2025-05-21T17:49:57+02:00,sell,incoming,0.12,EUR,6.55266000,ATR,0.02,EUR,Cryptocurrency,3304,0.00000000,EUR,0,-,-,0.00
T1f0365b3-bea7-6cfc-9e27-25931e1720eb,2025-05-21T17:49:57+02:00,buy,outgoing,0.12,EUR,0.29697941,BEST,0.40,EUR,Cryptocurrency,33,0.00000000,EUR,0,-,-,0.00
T1f0365b3-bba0-696c-8056-0f04fe065f70,2025-05-21T17:49:58+02:00,sell,incoming,0.22,EUR,16.62034000,LL,0.01,EUR,Cryptocurrency,3262,0.00000000,EUR,0,-,-,0.00
T1f0365b3-bc5d-6df4-9e27-25931e1720eb,2025-05-21T17:49:58+02:00,buy,outgoing,0.22,EUR,0.54446224,BEST,0.40,EUR,Cryptocurrency,33,0.00000000,EUR,0,-,-,0.00
T1f0365b3-bba3-6080-8056-0f04fe065f70,2025-05-21T17:49:58+02:00,sell,incoming,0.17,EUR,1.96672000,ZIG,0.09,EUR,Cryptocurrency,3290,0.00000000,EUR,0,-,-,0.00
T1f0365b3-be59-6afa-9e27-25931e1720eb,2025-05-21T17:49:58+02:00,buy,outgoing,0.17,EUR,0.42072083,BEST,0.40,EUR,Cryptocurrency,33,0.00000000,EUR,0,-,-,0.00
T1f0365b3-bba5-6794-8056-0f04fe065f70,2025-05-21T17:49:58+02:00,sell,incoming,0.13,EUR,26.18103000,APP,0.00,EUR,Cryptocurrency,3180,0.00000000,EUR,0,-,-,0.00
T1f0365b3-bf5c-67a0-9e27-25931e1720eb,2025-05-21T17:49:58+02:00,buy,outgoing,0.13,EUR,0.32172769,BEST,0.40,EUR,Cryptocurrency,33,0.00000000,EUR,0,-,-,0.00
T1f0365b3-bba5-6792-8056-0f04fe065f70,2025-05-21T17:49:58+02:00,sell,incoming,0.14,EUR,1156.21625000,GOATS,0.00,EUR,Cryptocurrency,3358,0.00000000,EUR,0,-,-,0.00
T1f0365b3-c0b4-6b78-9e27-25931e1720eb,2025-05-21T17:49:58+02:00,buy,outgoing,0.14,EUR,0.34647598,BEST,0.40,EUR,Cryptocurrency,33,0.00000000,EUR,0,-,-,0.00
T1f0365b3-bba7-6eaa-8056-0f04fe065f70,2025-05-21T17:49:58+02:00,sell,incoming,0.10,EUR,1.49462000,WOD,0.07,EUR,Cryptocurrency,3365,0.00000000,EUR,0,-,-,0.00
T1f0365b3-c072-6cc6-9e27-25931e1720eb,2025-05-21T17:49:58+02:00,buy,outgoing,0.10,EUR,0.24748284,BEST,0.40,EUR,Cryptocurrency,33,0.00000000,EUR,0,-,-,0.00
T1f0365b3-bba3-607e-8056-0f04fe065f70,2025-05-21T17:49:59+02:00,sell,incoming,0.22,EUR,3.58146000,CAM,0.06,EUR,Cryptocurrency,3357,0.00000000,EUR,0,-,-,0.00
T1f0365b3-bfc7-6e64-9e27-25931e1720eb,2025-05-21T17:49:59+02:00,buy,outgoing,0.22,EUR,0.54446224,BEST,0.40,EUR,Cryptocurrency,33,0.00000000,EUR,0,-,-,0.00
T1f0365b3-bba7-6ea8-8056-0f04fe065f70,2025-05-21T17:49:59+02:00,sell,incoming,0.11,EUR,7.39761000,NPC,0.01,EUR,Cryptocurrency,3275,0.00000000,EUR,0,-,-,0.00
T1f0365b3-bcf5-63d8-9e27-25931e1720eb,2025-05-21T17:49:59+02:00,buy,outgoing,0.11,EUR,0.27223113,BEST,0.40,EUR,Cryptocurrency,33,0.00000000,EUR,0,-,-,0.00
T1f0365b4-20c1-644e-8056-0f04fe065f70,2025-05-21T17:50:07+02:00,sell,incoming,0.09,EUR,0.96162000,AIC,0.09,EUR,Cryptocurrency,3396,0.00000000,EUR,0,-,-,0.00
T1f0365b4-2137-6c0a-9e27-25931e1720eb,2025-05-21T17:50:07+02:00,buy,outgoing,0.09,EUR,0.22279260,BEST,0.40,EUR,Cryptocurrency,33,0.00000000,EUR,0,-,-,0.00
T1f0365b4-20c8-6986-8056-0f04fe065f70,2025-05-21T17:50:07+02:00,sell,incoming,0.05,EUR,27.16632000,HAPPY,0.00,EUR,Cryptocurrency,3346,0.00000000,EUR,0,-,-,0.00
T1f0365b4-2180-6fec-9e27-25931e1720eb,2025-05-21T17:50:07+02:00,buy,outgoing,0.05,EUR,0.12377367,BEST,0.40,EUR,Cryptocurrency,33,0.00000000,EUR,0,-,-,0.00
T1f0365b4-20c8-698a-8056-0f04fe065f70,2025-05-21T17:50:08+02:00,sell,incoming,0.03,EUR,1342.96688000,FOMO,0.00,EUR,Cryptocurrency,3320,0.00000000,EUR,0,-,-,0.00
T1f0365b4-2294-6e00-9e27-25931e1720eb,2025-05-21T17:50:08+02:00,buy,outgoing,0.03,EUR,0.07426420,BEST,0.40,EUR,Cryptocurrency,33,0.00000000,EUR,0,-,-,0.00
T1f0365b4-20c8-6988-8056-0f04fe065f70,2025-05-21T17:50:08+02:00,sell,incoming,0.04,EUR,4.39114000,EYWA,0.01,EUR,Cryptocurrency,3319,0.00000000,EUR,0,-,-,0.00
T1f0365b4-25f2-6b1e-9e27-25931e1720eb,2025-05-21T17:50:08+02:00,buy,outgoing,0.04,EUR,0.09901893,BEST,0.40,EUR,Cryptocurrency,33,0.00000000,EUR,0,-,-,0.00
T1f0365b4-20c6-6272-8056-0f04fe065f70,2025-05-21T17:50:08+02:00,sell,incoming,0.07,EUR,25.47365000,SNEK,0.00,EUR,Cryptocurrency,3296,0.00000000,EUR,0,-,-,0.00
T1f0365b4-23c3-69c6-9e27-25931e1720eb,2025-05-21T17:50:08+02:00,buy,outgoing,0.07,EUR,0.17328314,BEST,0.40,EUR,Cryptocurrency,33,0.00000000,EUR,0,-,-,0.00
T1f0365b4-20c6-6270-8056-0f04fe065f70,2025-05-21T17:50:08+02:00,sell,incoming,0.09,EUR,97.80773000,ONDOAI,0.00,EUR,Cryptocurrency,3390,0.00000000,EUR,0,-,-,0.00
T1f0365b4-24e3-6b2a-9e27-25931e1720eb,2025-05-21T17:50:08+02:00,buy,outgoing,0.09,EUR,0.22279260,BEST,0.40,EUR,Cryptocurrency,33,0.00000000,EUR,0,-,-,0.00
T1f0365b4-20cb-609c-8056-0f04fe065f70,2025-05-21T17:50:08+02:00,sell,incoming,0.04,EUR,0.37779000,XFI,0.11,EUR,Cryptocurrency,3284,0.00000000,EUR,0,-,-,0.00
T1f0365b4-259a-6cdc-9e27-25931e1720eb,2025-05-21T17:50:08+02:00,buy,outgoing,0.04,EUR,0.09901893,BEST,0.40,EUR,Cryptocurrency,33,0.00000000,EUR,0,-,-,0.00
T1f0365b4-20cb-60a0-8056-0f04fe065f70,2025-05-21T17:50:08+02:00,sell,incoming,0.02,EUR,13.96615000,AGENT,0.00,EUR,Cryptocurrency,3269,0.00000000,EUR,0,-,-,0.00
T1f0365b4-21c7-6cbe-9e27-25931e1720eb,2025-05-21T17:50:08+02:00,buy,outgoing,0.02,EUR,0.04950946,BEST,0.40,EUR,Cryptocurrency,33,0.00000000,EUR,0,-,-,0.00
T1f0365b4-20c6-6274-8056-0f04fe065f70,2025-05-21T17:50:09+02:00,sell,incoming,0.05,EUR,0.07808000,NOS,0.64,EUR,Cryptocurrency,3345,0.00000000,EUR,0,-,-,0.00
T1f0365b4-237a-65e4-9e27-25931e1720eb,2025-05-21T17:50:09+02:00,buy,outgoing,0.05,EUR,0.12377367,BEST,0.40,EUR,Cryptocurrency,33,0.00000000,EUR,0,-,-,0.00
T1f0365b4-20cb-609e-8056-0f04fe065f70,2025-05-21T17:50:09+02:00,sell,incoming,0.04,EUR,4.53851000,CREO,0.01,EUR,Cryptocurrency,3305,0.00000000,EUR,0,-,-,0.00
T1f0365b4-22ef-6352-9e27-25931e1720eb,2025-05-21T17:50:09+02:00,buy,outgoing,0.04,EUR,0.09901893,BEST,0.40,EUR,Cryptocurrency,33,0.00000000,EUR,0,-,-,0.00
T1f0365b4-8b56-66fc-8056-0f04fe065f70,2025-05-21T17:50:21+02:00,sell,incoming,0.03,EUR,0.33464000,KIMA,0.09,EUR,Cryptocurrency,3313,0.00000000,EUR,0,-,-,0.00
T1f0365b4-8bd4-63e0-9e27-25931e1720eb,2025-05-21T17:50:21+02:00,buy,outgoing,0.03,EUR,0.07426419,BEST,0.40,EUR,Cryptocurrency,33,0.00000000,EUR,0,-,-,0.00
T1f0365b4-8b5b-6524-8056-0f04fe065f70,2025-05-21T17:50:21+02:00,sell,incoming,0.01,EUR,9.65890000,GPT,0.00,EUR,Cryptocurrency,3373,0.00000000,EUR,0,-,-,0.00
T1f0365b4-8c49-66e2-9e27-25931e1720eb,2025-05-21T17:50:21+02:00,buy,outgoing,0.01,EUR,0.02475473,BEST,0.40,EUR,Cryptocurrency,33,0.00000000,EUR,0,-,-,0.00
T1f0365b4-8b58-6e12-8056-0f04fe065f70,2025-05-21T17:50:21+02:00,sell,incoming,0.01,EUR,7.26006000,QBX,0.00,EUR,Cryptocurrency,3303,0.00000000,EUR,0,-,-,0.00
T1f0365b4-8c7a-6424-9e27-25931e1720eb,2025-05-21T17:50:21+02:00,buy,outgoing,0.01,EUR,0.02475473,BEST,0.40,EUR,Cryptocurrency,33,0.00000000,EUR,0,-,-,0.00
T1f0365b4-8b58-6e10-8056-0f04fe065f70,2025-05-21T17:50:22+02:00,sell,incoming,0.01,EUR,9.59079000,KIP,0.00,EUR,Cryptocurrency,3334,0.00000000,EUR,0,-,-,0.00
T1f0365b4-8d70-6d78-9e27-25931e1720eb,2025-05-21T17:50:22+02:00,buy,outgoing,0.01,EUR,0.02475473,BEST,0.40,EUR,Cryptocurrency,33,0.00000000,EUR,0,-,-,0.00
T1f0365b4-8b58-6e0e-8056-0f04fe065f70,2025-05-21T17:50:22+02:00,sell,incoming,0.02,EUR,1.00753000,SUIAI,0.02,EUR,Cryptocurrency,3311,0.00000000,EUR,0,-,-,0.00
T1f0365b4-8cbc-62d6-9e27-25931e1720eb,2025-05-21T17:50:22+02:00,buy,outgoing,0.02,EUR,0.04950946,BEST,0.40,EUR,Cryptocurrency,33,0.00000000,EUR,0,-,-,0.00
83d06a3c-24f7-4912-b73e-a1ce7a7a9514,2025-07-16T12:02:50+02:00,transfer,outgoing,12.60,EUR,23.97434418,BEST,0.53,EUR,Cryptocurrency,33,-,-,-,-,-,-
d4f64c63-175b-4afe-b69f-f9ed749ec79b,2025-07-16T12:02:50+02:00,transfer,incoming,11.11,EUR,117.71402992,VSN,0.09,EUR,Cryptocurrency,3472,-,-,-,-,-,-
1f063070-06de-6258-830c-d793f4151b66,2025-07-17T14:10:17+02:00,transfer,outgoing,18.27,EUR,117.71402992,VSN,0.16,EUR,Cryptocurrency,3472,-,-,-,-,-,-
1f063070-05f9-63b0-9ea2-dfd41cb5f43f,2025-07-17T14:10:17+02:00,transfer(stake),incoming,18.27,EUR,117.71402992,VSN,0.16,EUR,Cryptocurrency,3472,-,-,-,-,-
1f0671b8-ca86-6f32-8596-cded8f61aaf4,2025-07-22T18:47:27+02:00,reward,incoming,0.01,EUR,0.10578783,VSN,0.09,EUR,Cryptocurrency,3472,-,-,-,-,-
1f06c993-50d3-6ad6-8988-23f8074bbb9c,2025-07-29T18:29:32+02:00,reward,incoming,0.03,EUR,0.18527131,VSN,0.16,EUR,Cryptocurrency,3472,-,-,-,-,-
T1f06eb6a-6328-6418-bb62-374de4c97cee,2025-08-01T11:05:20+02:00,sell,incoming,0.32,EUR,0.00010544,ETH,3034.90,EUR,Cryptocurrency,5,0.01000000,EUR,1.99,-,-,0.00
T1f06eb6a-6337-676a-8a48-b59a4ee58bd6,2025-08-01T11:05:20+02:00,sell,incoming,0.10,EUR,0.04073748,XRP,2.45,EUR,Cryptocurrency,8,0.01000000,EUR,1.99,-,-,0.00
T1f06eb6a-634e-6866-83fb-3561691823e0,2025-08-01T11:05:20+02:00,sell,incoming,0.11,EUR,0.00017250,BNB,637.68,EUR,Cryptocurrency,46,0.01000000,EUR,1.99,-,-,0.00
T1f06eb6a-6381-698c-9a2a-1309004b5bdb,2025-08-01T11:05:20+02:00,buy,outgoing,0.53,EUR,0.00000513,BTC,103313.84,EUR,Cryptocurrency,1,0.02000000,EUR,1.99,-,-,0.00
1f07217d-1e0c-693a-b13b-d59089cefce7,2025-08-05T18:18:27+02:00,reward,incoming,0.03,EUR,0.18554483,VSN,0.16,EUR,Cryptocurrency,3472,-,-,-,-,-
1f07798c-846e-663a-9c9c-559ad9674c0e,2025-08-12T18:24:12+02:00,reward,incoming,0.03,EUR,0.18583657,VSN,0.16,EUR,Cryptocurrency,3472,-,-,-,-,-
9334e091-001f-40a9-828d-aab23c1989fe,2025-08-13T12:47:50+02:00,transfer,incoming,0.08,EUR,0.46641218,VSN,0.18,EUR,Cryptocurrency,3472,-,-,-,-,-,-
1f07d194-c73e-6856-a20e-b579266fa541,2025-08-19T18:26:45+02:00,reward,incoming,0.03,EUR,0.18612877,VSN,0.16,EUR,Cryptocurrency,3472,-,-,-,-,-
1f0829fa-7c28-6fa6-810f-59d4263ec601,2025-08-26T19:11:07+02:00,reward,incoming,0.03,EUR,0.18642143,VSN,0.16,EUR,Cryptocurrency,3472,-,-,-,-,-
T1f087160-ab4e-6742-b005-47150c69b386,2025-09-01T11:28:39+02:00,sell,incoming,0.46,EUR,0.00012296,ETH,3741.05,EUR,Cryptocurrency,5,0.01000000,EUR,1.99,-,-,0.00
T1f087160-ab70-6e28-9670-2d82d980995f,2025-09-01T11:28:39+02:00,buy,outgoing,0.39,EUR,0.00000408,BTC,95588.24,EUR,Cryptocurrency,1,0.01000000,EUR,1.99,-,-,0.00
T1f087160-ab9a-6eb2-a18c-c7ca00d19062,2025-09-01T11:28:39+02:00,buy,outgoing,0.07,EUR,0.00009305,BNB,752.28,EUR,Cryptocurrency,46,0.01000000,EUR,1.99,-,-,0.00
1f0881e8-7d39-6ea4-bb37-0d6b4ffc4775,2025-09-02T19:01:55+02:00,reward,incoming,0.03,EUR,0.18671455,VSN,0.16,EUR,Cryptocurrency,3472,-,-,-,-,-
1f08d9ee-fac6-686e-b7c4-3b8929c18976,2025-09-09T19:03:41+02:00,reward,incoming,0.02,EUR,0.18700813,VSN,0.11,EUR,Cryptocurrency,3472,-,-,-,-,-
1f0931f7-410b-6f30-85b0-b5439e5cc6da,2025-09-16T19:06:14+02:00,reward,incoming,0.03,EUR,0.18730217,VSN,0.16,EUR,Cryptocurrency,3472,-,-,-,-,-
1f0989e6-69ae-6acc-a2b2-df4f3c3721ae,2025-09-23T18:57:34+02:00,reward,incoming,0.02,EUR,0.18759667,VSN,0.11,EUR,Cryptocurrency,3472,-,-,-,-,-
1f09e1a7-c6e7-65b8-bb14-af223b8d5ee7,2025-09-30T18:28:24+02:00,reward,incoming,0.02,EUR,0.18789164,VSN,0.11,EUR,Cryptocurrency,3472,-,-,-,-,-
T1f09e364-4cf7-6dac-bfe2-7701a00f56aa,2025-09-30T21:47:17+02:00,sell,incoming,0.11,EUR,0.00013873,BNB,792.91,EUR,Cryptocurrency,46,0.01000000,EUR,1.99,-,-,0.00
T1f09e364-4d0c-696e-a951-195162f1228f,2025-09-30T21:47:17+02:00,sell,incoming,0.11,EUR,0.00063328,SOL,173.70,EUR,Cryptocurrency,135,0.01000000,EUR,1.99,-,-,0.00
T1f09e364-4d35-67e2-a241-b1a4ecd0a53f,2025-09-30T21:47:17+02:00,buy,outgoing,0.22,EUR,0.00006091,ETH,3611.89,EUR,Cryptocurrency,5,0.01000000,EUR,1.99,-,-,0.00
1f0a39c1-3aa2-6a18-b036-237a7f72b65b,2025-10-07T18:38:38+02:00,reward,incoming,0.02,EUR,0.18818707,VSN,0.11,EUR,Cryptocurrency,3472,-,-,-,-,-
1f0a9186-af4b-6d8e-9c58-9770492e645f,2025-10-14T18:11:18+02:00,reward,incoming,0.02,EUR,0.18848297,VSN,0.11,EUR,Cryptocurrency,3472,-,-,-,-,-
1f0ae9e1-3ff8-6f0a-8894-159573f63816,2025-10-21T18:50:41+02:00,reward,incoming,0.02,EUR,0.18877933,VSN,0.11,EUR,Cryptocurrency,3472,-,-,-,-,-
1f0b41e5-ba56-6ebc-bfe2-09332d49977e,2025-10-28T17:51:32+01:00,reward,incoming,0.02,EUR,0.18907615,VSN,0.11,EUR,Cryptocurrency,3472,-,-,-,-,-
1f0b99db-fedc-6d22-a1b3-f7bac44c5d1f,2025-11-04T17:46:02+01:00,reward,incoming,0.02,EUR,0.18937345,VSN,0.11,EUR,Cryptocurrency,3472,-,-,-,-,-
1f0bf1d4-22b9-6efc-bbd6-ed1b25bb7c57,2025-11-11T17:41:23+01:00,reward,incoming,0.02,EUR,0.18967121,VSN,0.11,EUR,Cryptocurrency,3472,-,-,-,-,-
1f0c4a16-47b5-6cca-912f-0f3311db8d9f,2025-11-18T18:09:50+01:00,reward,incoming,0.01,EUR,0.18996944,VSN,0.05,EUR,Cryptocurrency,3472,-,-,-,-,-
1f0ca193-5566-6d72-8b80-5f37adcfcb0f,2025-11-25T17:10:06+01:00,reward,incoming,0.01,EUR,0.19026813,VSN,0.05,EUR,Cryptocurrency,3472,-,-,-,-,-
04f0fdf8-00a7-4c4e-a5c2-7861001d55bf,2025-11-28T15:05:11+01:00,transfer,incoming,0.22,EUR,2.71476000,CC,0.08,EUR,Cryptocurrency,3564,-,-,-,-,-,-
T1f0ce1d5-3438-6de4-9a0d-8f66ce83d182,2025-11-30T19:49:40+01:00,sell,incoming,0.18,EUR,0.00000246,BTC,73170.73,EUR,Cryptocurrency,1,0.01000000,EUR,1.99,-,-,0.00
T1f0ce1d5-344a-64b8-8e60-5b47b7060265,2025-11-30T19:49:40+01:00,buy,outgoing,0.11,EUR,0.00004413,ETH,2492.64,EUR,Cryptocurrency,5,0.01000000,EUR,1.99,-,-,0.00
T1f0ce1d5-346a-6542-a5dd-633ac34f0b98,2025-11-30T19:49:40+01:00,buy,outgoing,0.07,EUR,0.00057403,SOL,121.94,EUR,Cryptocurrency,135,0.01000000,EUR,1.99,-,-,0.00
1f0cf9b8-af1d-60dc-8907-79b77758740a,2025-12-02T17:25:40+01:00,reward,incoming,0.02,EUR,0.19056730,VSN,0.10,EUR,Cryptocurrency,3472,-,-,-,-,-
f77dc99b-d838-404f-b8b5-5f91e54cc453,2025-12-09T14:00:20+01:00,transfer,incoming,0.08,EUR,2.35733520,NIGHT,0.04,EUR,Cryptocurrency,3568,-,-,-,-,-,-
24a83f84-fda4-4fbb-a19c-d48b63515549,2025-12-09T14:41:39+01:00,transfer,incoming,0.08,EUR,2.22875172,NIGHT,0.04,EUR,Cryptocurrency,3568,-,-,-,-,-,-
6869d79f-7682-422e-9250-9a21db4dedeb,2025-12-09T16:42:58+01:00,transfer,incoming,0.27,EUR,8.19096000,NIGHT,0.03,EUR,Cryptocurrency,3568,-,-,-,-,-,-
1f0d5211-09a9-64f0-9665-a7ab5936c7ae,2025-12-09T18:04:03+01:00,reward,incoming,0.02,EUR,0.19086694,VSN,0.10,EUR,Cryptocurrency,3472,-,-,-,-,-
1f0da9c8-41cc-67ec-a215-2fafb24a0835,2025-12-16T17:30:21+01:00,reward,incoming,0.01,EUR,0.19116705,VSN,0.05,EUR,Cryptocurrency,3472,-,-,-,-,-
1f0e01ad-138e-6d7a-9df6-37c3c7171f89,2025-12-23T17:17:03+01:00,reward,incoming,0.01,EUR,0.19146763,VSN,0.05,EUR,Cryptocurrency,3472,-,-,-,-,-
34eed46e-4bf1-4180-83cd-0ebcca46a0bc,2025-12-24T13:50:54+01:00,transfer,incoming,0.41,EUR,19.17022000,VFY,0.02,EUR,Cryptocurrency,3567,-,-,-,-,-,-
1f0e59ac-3cba-6bac-b3e9-cf2397a22e44,2025-12-30T17:15:32+01:00,reward,incoming,0.01,EUR,0.19176868,VSN,0.05,EUR,Cryptocurrency,3472,-,-,-,-,-
1f0eb20c-b23b-6c92-b8de-75a47b79245c,2026-01-06T17:57:32+01:00,reward,incoming,0.02,EUR,0.19207021,VSN,0.10,EUR,Cryptocurrency,3472,-,-,-,-,-
1f0f09e5-940d-65aa-baf3-2ffdfbe67cb6,2026-01-13T17:38:54+01:00,reward,incoming,0.01,EUR,0.19237221,VSN,0.05,EUR,Cryptocurrency,3472,-,-,-,-,-
1f0f61ac-a292-6b9c-80f0-ab5d4a312ba4,2026-01-20T17:12:16+01:00,reward,incoming,0.01,EUR,0.19267469,VSN,0.05,EUR,Cryptocurrency,3472,-,-,-,-,-
1f0fb9fc-38ed-6c48-93c8-596e83f6ec49,2026-01-27T17:46:44+01:00,reward,incoming,0.01,EUR,0.19297764,VSN,0.05,EUR,Cryptocurrency,3472,-,-,-,-,-
F1f0fdc8c-877f-65de-b04e-234e91a8d838,2026-01-30T11:45:25+01:00,deposit,incoming,500.00,EUR,-,EUR,-,-,Fiat,-,0.00000000,EUR,-,-,-,0.00
T1f0fdc8d-821d-6db0-ce3b-03b8abaecfd9,2026-01-30T11:45:54+01:00,buy,outgoing,500.00,EUR,0.00709783,BTC,70444.07,EUR,Cryptocurrency,1,4.98000000,EUR,0.99,-,-,0.00
1f101206-733f-6506-a98d-3b36f632457b,2026-02-03T17:50:10+01:00,reward,incoming,0.01,EUR,0.19328106,VSN,0.05,EUR,Cryptocurrency,3472,-,-,-,-,-
F1f103539-f4a7-6fa2-b6ba-b134d185689f,2026-02-06T13:01:52+01:00,deposit,incoming,500.00,EUR,-,EUR,-,-,Fiat,-,0.00000000,EUR,-,-,-,0.00
T1f10353c-ac2d-60d0-748a-3240ca861223,2026-02-06T13:03:08+01:00,buy,outgoing,350.00,EUR,0.00609641,BTC,57410.84,EUR,Cryptocurrency,1,3.49000000,EUR,0.99,-,-,0.00
T1f10353d-963c-67c0-07d4-a720e2bad617,2026-02-06T13:03:30+01:00,buy,outgoing,150.00,EUR,0.08906591,ETH,1684.15,EUR,Cryptocurrency,5,2.26000000,EUR,1.49,-,-,0.00
1f1069b0-7607-6700-a003-1bf5e09ff7a4,2026-02-10T17:10:33+01:00,reward,incoming,0.01,EUR,0.19358497,VSN,0.05,EUR,Cryptocurrency,3472,-,-,-,-,-
1f10c216-d8b8-6782-81b3-2954be257dd3,2026-02-17T17:55:13+01:00,reward,incoming,0.01,EUR,0.19388935,VSN,0.05,EUR,Cryptocurrency,3472,-,-,-,-,-
6de5ab22-ab44-411d-8841-8d75542f9ec5,2026-02-17T18:42:10+01:00,transfer,incoming,0.03,EUR,0.00001624,ETH,1657.23,EUR,Cryptocurrency,5,-,-,-,-,-,-
844b154b-9d71-45be-be48-8c5e501cc13a,2026-02-24T16:30:59+01:00,transfer,incoming,0.03,EUR,0.00001617,ETH,1569.94,EUR,Cryptocurrency,5,-,-,-,-,-,-
1f1119d1-b73d-6220-b511-174435884b13,2026-02-24T17:23:09+01:00,reward,incoming,0.01,EUR,0.19419421,VSN,0.05,EUR,Cryptocurrency,3472,-,-,-,-,-
T1f114d9e-f912-694c-b7cf-09bc20c2db7e,2026-02-28T20:16:09+01:00,sell,incoming,0.15,EUR,0.00000282,BTC,53191.49,EUR,Cryptocurrency,1,0.01000000,EUR,1.99,-,-,0.00
T1f114d9e-f95b-62a0-9036-a72908f609e5,2026-02-28T20:16:09+01:00,buy,outgoing,0.15,EUR,0.00028405,BNB,528.08,EUR,Cryptocurrency,46,0.01000000,EUR,1.99,-,-,0.00
1f117229-e4c0-6b60-a27e-65aea8bb5551,2026-03-03T18:01:27+01:00,reward,incoming,0.01,EUR,0.19449955,VSN,0.05,EUR,Cryptocurrency,3472,-,-,-,-,-
ef4375d9-38c0-4388-bfa1-387d1bd92c03,2026-03-04T11:24:17+01:00,transfer,incoming,0.03,EUR,0.00001606,ETH,1786.29,EUR,Cryptocurrency,5,-,-,-,-,-,-
7a87e234-aba5-463c-ae3b-3401c5eba863,2026-03-10T14:07:17+01:00,transfer,incoming,0.03,EUR,0.00001594,ETH,1764.89,EUR,Cryptocurrency,5,-,-,-,-,-,-
1f11c9c1-8377-63a0-b7f3-4d5f614b7a14,2026-03-10T17:13:37+01:00,reward,incoming,0.01,EUR,0.19480537,VSN,0.05,EUR,Cryptocurrency,3472,-,-,-,-,-
1f122202-270b-68c0-8c30-59b49c8d5aa2,2026-03-17T17:41:23+01:00,reward,incoming,0.01,EUR,0.19511168,VSN,0.05,EUR,Cryptocurrency,3472,-,-,-,-,-
8d70f00c-6c46-48d9-bd22-d78c6e68fd74,2026-03-17T20:55:11+01:00,transfer,incoming,0.01,EUR,0.00000649,ETH,2012.63,EUR,Cryptocurrency,5,-,-,-,-,-,-
4bc300f1-57fc-45e4-bfc6-9346158a79b3,2026-03-24T13:44:25+01:00,transfer,incoming,0.01,EUR,0.00000649,ETH,1867.04,EUR,Cryptocurrency,5,-,-,-,-,-,-
1f1279c7-de82-6a5e-afcd-6dabd1e17a59,2026-03-24T17:14:10+01:00,reward,incoming,0.01,EUR,0.19065215,VSN,0.05,EUR,Cryptocurrency,3472,-,-,-,-,-
1f12d228-3378-68b6-bbb4-91edc39e5647,2026-03-31T18:56:07+02:00,reward,incoming,0.01,EUR,0.19094566,VSN,0.05,EUR,Cryptocurrency,3472,-,-,-,-,-
012adbe1-4ca1-4dd7-ae1c-d4d403bf5988,2026-03-31T20:23:08+02:00,transfer,incoming,0.01,EUR,0.00000649,ETH,1820.33,EUR,Cryptocurrency,5,-,-,-,-,-,-
T1f12d37c-c1b2-6406-9a6e-d5b334388f57,2026-03-31T21:28:30+02:00,sell,incoming,0.12,EUR,0.00024753,BNB,484.79,EUR,Cryptocurrency,46,0.01000000,EUR,1.99,-,-,0.00
T1f12d37c-c207-6d2a-8f33-633bd80192a8,2026-03-31T21:28:30+02:00,buy,outgoing,0.12,EUR,0.10118202,XRP,1.19,EUR,Cryptocurrency,8,0.01000000,EUR,1.99,-,-,0.00
e9d9bff2-cc14-4554-860f-8cdcb4fc5a73,2026-04-07T18:25:40+02:00,transfer,incoming,0.01,EUR,0.00000649,ETH,1799.65,EUR,Cryptocurrency,5,-,-,-,-,-,-
1f132a49-51b1-6e94-a82e-81d2b7d7761a,2026-04-07T19:09:48+02:00,reward,incoming,0.01,EUR,0.19123857,VSN,0.05,EUR,Cryptocurrency,3472,-,-,-,-,-
7f6f9e4b-a914-393c-830e-d4a52b0fb5c0,2026-04-14T16:42:06+02:00,transfer,incoming,0,EUR,0.00000706,ETH,0.00,-,Cryptocurrency,5,-,-,-,-,-,-
1f138410-09e0-65d6-bd23-153f0b7f94a5,2026-04-14T22:32:05+02:00,reward,incoming,0.01,EUR,0.19153193,VSN,0.05,EUR,Cryptocurrency,3472,-,-,-,-,-
1f13d9fe-7522-6710-b254-2701cb67418b,2026-04-21T18:34:01+02:00,reward,incoming,0.01,EUR,0.19182574,VSN,0.05,EUR,Cryptocurrency,3472,-,-,-,-,-
1f1431d7-5a4a-68f8-ae4c-2bf40131d3fc,2026-04-28T18:15:23+02:00,reward,incoming,0.01,EUR,0.19212000,VSN,0.05,EUR,Cryptocurrency,3472,-,-,-,-,-
